#
# There is insufficient memory for the Java Runtime Environment to continue.
# Native memory allocation (mmap) failed to map 989855744 bytes. Error detail: G1 virtual space
# Possible reasons:
#   The system is out of physical RAM or swap space
#   This process is running with CompressedOops enabled, and the Java Heap may be blocking the growth of the native heap
# Possible solutions:
#   Reduce memory load on the system
#   Increase physical memory or swap space
#   Check if swap backing store is full
#   Decrease Java heap size (-Xmx/-Xms)
#   Decrease number of Java threads
#   Decrease Java thread stack sizes (-Xss)
#   Set larger code cache with -XX:ReservedCodeCacheSize=
#   JVM is running with Zero Based Compressed Oops mode in which the Java heap is
#     placed in the first 32GB address space. The Java Heap base address is the
#     maximum limit for the native heap growth. Please use -XX:HeapBaseMinAddress
#     to set the Java Heap base and to place the Java Heap above 32GB virtual address.
# This output file may be truncated or incomplete.
#
#  Out of Memory Error (os_windows.cpp:3926), pid=14604, tid=20848
#
# JRE version: OpenJDK Runtime Environment (21.0.10) (build 21.0.10+-14961533-b1163.108)
# Java VM: OpenJDK 64-Bit Server VM (21.0.10+-14961533-b1163.108, mixed mode, tiered, compressed oops, compressed class ptrs, g1 gc, windows-amd64)
# No core dump will be written. Minidumps are not enabled by default on client versions of Windows
#

---------------  S U M M A R Y ------------

Command Line: --add-opens=java.base/java.lang=ALL-UNNAMED --add-opens=java.base/java.lang.invoke=ALL-UNNAMED --add-opens=java.base/java.util=ALL-UNNAMED --add-opens=java.prefs/java.util.prefs=ALL-UNNAMED --add-exports=jdk.compiler/com.sun.tools.javac.api=ALL-UNNAMED --add-exports=jdk.compiler/com.sun.tools.javac.util=ALL-UNNAMED --add-opens=java.base/java.util=ALL-UNNAMED --add-opens=java.prefs/java.util.prefs=ALL-UNNAMED --add-opens=java.base/java.nio.charset=ALL-UNNAMED --add-opens=java.base/java.net=ALL-UNNAMED --add-opens=java.base/java.util.concurrent.atomic=ALL-UNNAMED --add-opens=java.xml/javax.xml.namespace=ALL-UNNAMED -XX:MaxMetaspaceSize=4G -XX:ReservedCodeCacheSize=512m -XX:+HeapDumpOnOutOfMemoryError -Xmx8G -Dfile.encoding=UTF-8 -Duser.country=ID -Duser.language=en -Duser.variant -javaagent:C:\Users\Zeina_qn\.gradle\wrapper\dists\gradle-8.14-all\c2qonpi39x1mddn7hk5gh9iqj\gradle-8.14\lib\agents\gradle-instrumentation-agent-8.14.jar org.gradle.launcher.daemon.bootstrap.GradleDaemon 8.14

Host: Intel(R) Celeron(R) N4020 CPU @ 1.10GHz, 2 cores, 7G,  Windows 11 , 64 bit Build 22621 (10.0.22621.5415)
Time: Tue Jun  9 22:23:37 2026 SE Asia Standard Time elapsed time: 3037.879578 seconds (0d 0h 50m 37s)

---------------  T H R E A D  ---------------

Current thread (0x0000028e7b343640):  VMThread "VM Thread"          [id=20848, stack(0x000000ab3b700000,0x000000ab3b800000) (1024K)]

Stack: [0x000000ab3b700000,0x000000ab3b800000]
Native frames: (J=compiled Java code, j=interpreted, Vv=VM code, C=native code)
V  [jvm.dll+0x6d78a9]
V  [jvm.dll+0x8665b3]
V  [jvm.dll+0x868bde]
V  [jvm.dll+0x8692c3]
V  [jvm.dll+0x280ee6]
V  [jvm.dll+0x6d4165]
V  [jvm.dll+0x6c77fa]
V  [jvm.dll+0x358f4b]
V  [jvm.dll+0x360bc6]
V  [jvm.dll+0x3b2ea6]
V  [jvm.dll+0x3b3178]
V  [jvm.dll+0x32b65c]
V  [jvm.dll+0x32b6e7]
V  [jvm.dll+0x3715cc]
V  [jvm.dll+0x36fd7e]
V  [jvm.dll+0x32adb1]
V  [jvm.dll+0x36f480]
V  [jvm.dll+0x86f048]
V  [jvm.dll+0x870394]
V  [jvm.dll+0x8708d0]
V  [jvm.dll+0x870b63]
V  [jvm.dll+0x80fd28]
V  [jvm.dll+0x6d60fd]
C  [ucrtbase.dll+0x29333]
C  [KERNEL32.DLL+0x1259d]
C  [ntdll.dll+0x5af78]

VM_Operation (0x000000ab3e1faab0): G1CollectForAllocation, mode: safepoint, requested by thread 0x0000028e1174f660


---------------  P R O C E S S  ---------------

Threads class SMR info:
_java_thread_list=0x0000028e0ec9dde0, length=49, elements={
0x0000028e51ce46e0, 0x0000028e0c01a6d0, 0x0000028e0c048740, 0x0000028e0c04a5b0,
0x0000028e0c04bdd0, 0x0000028e0c074fe0, 0x0000028e0c075a40, 0x0000028e0c0760b0,
0x0000028e0c07b2e0, 0x0000028e0c0df6f0, 0x0000028e0c460060, 0x0000028e0d26e400,
0x0000028e0c786bc0, 0x0000028e0cff3ec0, 0x0000028e0ecd7b40, 0x0000028e0ecd8860,
0x0000028e0ecd6e20, 0x0000028e0f827070, 0x0000028e0f827700, 0x0000028e1b18b010,
0x0000028e0c30ae20, 0x0000028e1cf64de0, 0x0000028e1bf7baa0, 0x0000028e1bf7c130,
0x0000028e1bf7a060, 0x0000028e1ae9eae0, 0x0000028e1ae98870, 0x0000028e1ae99590,
0x0000028e1ae9b660, 0x0000028e1ae99c20, 0x0000028e1ae9a2b0, 0x0000028e1ae9bcf0,
0x0000028e1c6b0820, 0x0000028e1c6b2260, 0x0000028e1c6ad3a0, 0x0000028e1c6ab960,
0x0000028e1c6b1bd0, 0x0000028e1c6ada30, 0x0000028e1c6b28f0, 0x0000028e1c6aede0,
0x0000028e1c6ae0c0, 0x0000028e1c6ac680, 0x0000028e1c6acd10, 0x0000028e1c6b2f80,
0x0000028e1c6ae750, 0x0000028e1c6af470, 0x0000028e1c6b0eb0, 0x0000028e1c6abff0,
0x0000028e1174f660
}

Java Threads: ( => current thread )
  0x0000028e51ce46e0 JavaThread "main"                              [_thread_blocked, id=15728, stack(0x000000ab3af00000,0x000000ab3b000000) (1024K)]
  0x0000028e0c01a6d0 JavaThread "Common-Cleaner"             daemon [_thread_blocked, id=16776, stack(0x000000ab3b800000,0x000000ab3b900000) (1024K)]
  0x0000028e0c048740 JavaThread "Reference Handler"          daemon [_thread_blocked, id=14796, stack(0x000000ab3b900000,0x000000ab3ba00000) (1024K)]
  0x0000028e0c04a5b0 JavaThread "Finalizer"                  daemon [_thread_blocked, id=12892, stack(0x000000ab3ba00000,0x000000ab3bb00000) (1024K)]
  0x0000028e0c04bdd0 JavaThread "Signal Dispatcher"          daemon [_thread_blocked, id=19468, stack(0x000000ab3bb00000,0x000000ab3bc00000) (1024K)]
  0x0000028e0c074fe0 JavaThread "Attach Listener"            daemon [_thread_blocked, id=16416, stack(0x000000ab3bc00000,0x000000ab3bd00000) (1024K)]
  0x0000028e0c075a40 JavaThread "Service Thread"             daemon [_thread_blocked, id=496, stack(0x000000ab3bd00000,0x000000ab3be00000) (1024K)]
  0x0000028e0c0760b0 JavaThread "Monitor Deflation Thread"   daemon [_thread_blocked, id=14912, stack(0x000000ab3be00000,0x000000ab3bf00000) (1024K)]
  0x0000028e0c07b2e0 JavaThread "C2 CompilerThread0"         daemon [_thread_blocked, id=1744, stack(0x000000ab3bf00000,0x000000ab3c000000) (1024K)]
  0x0000028e0c0df6f0 JavaThread "C1 CompilerThread0"         daemon [_thread_blocked, id=12668, stack(0x000000ab3c000000,0x000000ab3c100000) (1024K)]
  0x0000028e0c460060 JavaThread "Notification Thread"        daemon [_thread_blocked, id=16244, stack(0x000000ab3c100000,0x000000ab3c200000) (1024K)]
  0x0000028e0d26e400 JavaThread "Daemon health stats"               [_thread_blocked, id=3288, stack(0x000000ab3c300000,0x000000ab3c400000) (1024K)]
  0x0000028e0c786bc0 JavaThread "Incoming local TCP Connector on port 54661"        [_thread_in_native, id=7428, stack(0x000000ab3c400000,0x000000ab3c500000) (1024K)]
  0x0000028e0cff3ec0 JavaThread "Daemon periodic checks"            [_thread_blocked, id=9584, stack(0x000000ab3c500000,0x000000ab3c600000) (1024K)]
  0x0000028e0ecd7b40 JavaThread "Cache worker for journal cache (C:\Users\Zeina_qn\.gradle\caches\journal-1)"        [_thread_blocked, id=9432, stack(0x000000ab3cd00000,0x000000ab3ce00000) (1024K)]
  0x0000028e0ecd8860 JavaThread "File lock request listener"        [_thread_in_native, id=13808, stack(0x000000ab3ce00000,0x000000ab3cf00000) (1024K)]
  0x0000028e0ecd6e20 JavaThread "Cache worker for file hash cache (C:\Users\Zeina_qn\.gradle\caches\8.14\fileHashes)"        [_thread_blocked, id=16788, stack(0x000000ab3cf00000,0x000000ab3d000000) (1024K)]
  0x0000028e0f827070 JavaThread "File watcher server"        daemon [_thread_in_native, id=4392, stack(0x000000ab3d200000,0x000000ab3d300000) (1024K)]
  0x0000028e0f827700 JavaThread "File watcher consumer"      daemon [_thread_blocked, id=6348, stack(0x000000ab3d300000,0x000000ab3d400000) (1024K)]
  0x0000028e1b18b010 JavaThread "Cache worker for file content cache (C:\Users\Zeina_qn\.gradle\caches\8.14\fileContent)"        [_thread_blocked, id=20476, stack(0x000000ab3b000000,0x000000ab3b100000) (1024K)]
  0x0000028e0c30ae20 JavaThread "Memory manager"                    [_thread_blocked, id=4952, stack(0x000000ab3e300000,0x000000ab3e400000) (1024K)]
  0x0000028e1cf64de0 JavaThread "RMI Scheduler(0)"           daemon [_thread_blocked, id=8096, stack(0x000000ab3f500000,0x000000ab3f600000) (1024K)]
  0x0000028e1bf7baa0 JavaThread "RMI GC Daemon"              daemon [_thread_blocked, id=19244, stack(0x000000ab3f700000,0x000000ab3f800000) (1024K)]
  0x0000028e1bf7c130 JavaThread "RMI TCP Accept-0"           daemon [_thread_in_native, id=15944, stack(0x000000ab3f800000,0x000000ab3f900000) (1024K)]
  0x0000028e1bf7a060 JavaThread "RMI Reaper"                        [_thread_blocked, id=11188, stack(0x000000ab3f900000,0x000000ab3fa00000) (1024K)]
  0x0000028e1ae9eae0 JavaThread "Daemon Thread 3"                   [_thread_blocked, id=13788, stack(0x000000ab3ae00000,0x000000ab3af00000) (1024K)]
  0x0000028e1ae98870 JavaThread "Handler for socket connection from /127.0.0.1:54661 to /127.0.0.1:56892"        [_thread_in_native, id=15304, stack(0x000000ab3c600000,0x000000ab3c700000) (1024K)]
  0x0000028e1ae99590 JavaThread "Cancel handler"                    [_thread_blocked, id=21696, stack(0x000000ab3c700000,0x000000ab3c800000) (1024K)]
  0x0000028e1ae9b660 JavaThread "Daemon worker Thread 3"            [_thread_blocked, id=7708, stack(0x000000ab3c800000,0x000000ab3c900000) (1024K)]
  0x0000028e1ae99c20 JavaThread "Asynchronous log dispatcher for DefaultDaemonConnection: socket connection from /127.0.0.1:54661 to /127.0.0.1:56892"        [_thread_blocked, id=12676, stack(0x000000ab3c900000,0x000000ab3ca00000) (1024K)]
  0x0000028e1ae9a2b0 JavaThread "Stdin handler"                     [_thread_blocked, id=4136, stack(0x000000ab3ca00000,0x000000ab3cb00000) (1024K)]
  0x0000028e1ae9bcf0 JavaThread "Daemon client event forwarder"        [_thread_blocked, id=11912, stack(0x000000ab3cb00000,0x000000ab3cc00000) (1024K)]
  0x0000028e1c6b0820 JavaThread "Cache worker for file hash cache (D:\ppm_2026_23300144_d\pertemuan_6\android\.gradle\8.14\fileHashes)"        [_thread_blocked, id=14576, stack(0x000000ab3cc00000,0x000000ab3cd00000) (1024K)]
  0x0000028e1c6b2260 JavaThread "Cache worker for Build Output Cleanup Cache (D:\ppm_2026_23300144_d\pertemuan_6\android\.gradle\buildOutputCleanup)"        [_thread_blocked, id=17380, stack(0x000000ab3d000000,0x000000ab3d100000) (1024K)]
  0x0000028e1c6ad3a0 JavaThread "Cache worker for checksums cache (D:\ppm_2026_23300144_d\pertemuan_6\android\.gradle\8.14\checksums)"        [_thread_blocked, id=21276, stack(0x000000ab3d100000,0x000000ab3d200000) (1024K)]
  0x0000028e1c6ab960 JavaThread "Cache worker for cache directory md-supplier (C:\Users\Zeina_qn\.gradle\caches\8.14\md-supplier)"        [_thread_blocked, id=11308, stack(0x000000ab3d400000,0x000000ab3d500000) (1024K)]
  0x0000028e1c6b1bd0 JavaThread "Cache worker for cache directory md-rule (C:\Users\Zeina_qn\.gradle\caches\8.14\md-rule)"        [_thread_blocked, id=8180, stack(0x000000ab3d500000,0x000000ab3d600000) (1024K)]
  0x0000028e1c6ada30 JavaThread "Cache worker for Build Output Cleanup Cache (C:\Users\Zeina_qn\develop\flutter\packages\flutter_tools\gradle\.gradle\buildOutputCleanup)"        [_thread_blocked, id=17716, stack(0x000000ab3d600000,0x000000ab3d700000) (1024K)]
  0x0000028e1c6b28f0 JavaThread "Unconstrained build operations"        [_thread_blocked, id=9848, stack(0x000000ab3d700000,0x000000ab3d800000) (1024K)]
  0x0000028e1c6aede0 JavaThread "Unconstrained build operations Thread 2"        [_thread_blocked, id=2280, stack(0x000000ab3d800000,0x000000ab3d900000) (1024K)]
  0x0000028e1c6ae0c0 JavaThread "build event listener"              [_thread_blocked, id=18932, stack(0x000000ab3d900000,0x000000ab3da00000) (1024K)]
  0x0000028e1c6ac680 JavaThread "included builds"                   [_thread_blocked, id=7792, stack(0x000000ab3da00000,0x000000ab3db00000) (1024K)]
  0x0000028e1c6acd10 JavaThread "Execution worker"                  [_thread_blocked, id=14620, stack(0x000000ab3db00000,0x000000ab3dc00000) (1024K)]
  0x0000028e1c6b2f80 JavaThread "Cache worker for execution history cache (C:\Users\Zeina_qn\develop\flutter\packages\flutter_tools\gradle\.gradle\8.14\executionHistory)"        [_thread_blocked, id=21324, stack(0x000000ab3dc00000,0x000000ab3dd00000) (1024K)]
  0x0000028e1c6ae750 JavaThread "Unconstrained build operations Thread 3"        [_thread_blocked, id=12920, stack(0x000000ab3dd00000,0x000000ab3de00000) (1024K)]
  0x0000028e1c6af470 JavaThread "Unconstrained build operations Thread 4"        [_thread_blocked, id=21364, stack(0x000000ab3de00000,0x000000ab3df00000) (1024K)]
  0x0000028e1c6b0eb0 JavaThread "Unconstrained build operations Thread 5"        [_thread_blocked, id=7700, stack(0x000000ab3df00000,0x000000ab3e000000) (1024K)]
  0x0000028e1c6abff0 JavaThread "Unconstrained build operations Thread 6"        [_thread_blocked, id=21408, stack(0x000000ab3e000000,0x000000ab3e100000) (1024K)]
  0x0000028e1174f660 JavaThread "Unconstrained build operations Thread 7"        [_thread_blocked, id=19168, stack(0x000000ab3e100000,0x000000ab3e200000) (1024K)]
Total: 49

Other Threads:
=>0x0000028e7b343640 VMThread "VM Thread"                           [id=20848, stack(0x000000ab3b700000,0x000000ab3b800000) (1024K)]
  0x0000028e7b2a84c0 WatcherThread "VM Periodic Task Thread"        [id=7596, stack(0x000000ab3b600000,0x000000ab3b700000) (1024K)]
  0x0000028e53f84ab0 WorkerThread "GC Thread#0"                     [id=20312, stack(0x000000ab3b100000,0x000000ab3b200000) (1024K)]
  0x0000028e0c3c2b00 WorkerThread "GC Thread#1"                     [id=19976, stack(0x000000ab3c200000,0x000000ab3c300000) (1024K)]
  0x0000028e53f961c0 ConcurrentGCThread "G1 Main Marker"            [id=3264, stack(0x000000ab3b200000,0x000000ab3b300000) (1024K)]
  0x0000028e53f96be0 WorkerThread "G1 Conc#0"                       [id=17404, stack(0x000000ab3b300000,0x000000ab3b400000) (1024K)]
  0x0000028e7b17f810 ConcurrentGCThread "G1 Refine#0"               [id=14696, stack(0x000000ab3b400000,0x000000ab3b500000) (1024K)]
  0x0000028e7b1802a0 ConcurrentGCThread "G1 Service"                [id=19544, stack(0x000000ab3b500000,0x000000ab3b600000) (1024K)]
Total: 8

Threads with active compile tasks:
Total: 0

VM state: at safepoint (normal execution)

VM Mutex/Monitor currently owned by a thread:  ([mutex/lock_event])
[0x00007fffb3b286d0] Threads_lock - owner thread: 0x0000028e7b343640
[0x00007fffb3b287d0] Heap_lock - owner thread: 0x0000028e1174f660

Heap address: 0x0000000600000000, size: 8192 MB, Compressed Oops mode: Zero based, Oop shift amount: 3

CDS archive(s) not mapped
Compressed class space mapped at: 0x0000000800000000-0x0000000840000000, reserved size: 1073741824
Narrow klass base: 0x0000000800000000, Narrow klass shift: 0, Narrow klass range: 0x40000000

GC Precious Log:
 CardTable entry size: 512
 Card Set container configuration: InlinePtr #cards 4 size 8 Array Of Cards #cards 32 size 80 Howl #buckets 8 coarsen threshold 7372 Howl Bitmap #cards 1024 size 144 coarsen threshold 921 Card regions per heap region 1 cards per card region 8192
 CPUs: 2 total, 2 available
 Memory: 7998M
 Large Page Support: Disabled
 NUMA Support: Disabled
 Compressed Oops: Enabled (Zero based)
 Heap Region Size: 4M
 Heap Min Capacity: 8M
 Heap Initial Capacity: 128M
 Heap Max Capacity: 8G
 Pre-touch: Disabled
 Parallel Workers: 2
 Concurrent Workers: 1
 Concurrent Refinement Workers: 2
 Periodic GC: Disabled

Heap:
 garbage-first heap   total 966656K, used 302172K [0x0000000600000000, 0x0000000800000000)
  region size 4096K, 1 young (4096K), 1 survivors (4096K)
 Metaspace       used 182515K, committed 185088K, reserved 1245184K
  class space    used 23288K, committed 24512K, reserved 1048576K

Heap Regions: E=young(eden), S=young(survivor), O=old, HS=humongous(starts), HC=humongous(continues), CS=collection set, F=free, TAMS=top-at-mark-start, PB=parsable bottom
|   0|0x0000000600000000, 0x0000000600400000, 0x0000000600400000|100%|HS|  |TAMS 0x0000000600000000| PB 0x0000000600000000| Complete 
|   1|0x0000000600400000, 0x0000000600800000, 0x0000000600800000|100%| O|  |TAMS 0x0000000600400000| PB 0x0000000600400000| Untracked 
|   2|0x0000000600800000, 0x0000000600c00000, 0x0000000600c00000|100%| O|  |TAMS 0x0000000600800000| PB 0x0000000600800000| Untracked 
|   3|0x0000000600c00000, 0x0000000601000000, 0x0000000601000000|100%| O|  |TAMS 0x0000000600c00000| PB 0x0000000600c00000| Untracked 
|   4|0x0000000601000000, 0x0000000601400000, 0x0000000601400000|100%| O|  |TAMS 0x0000000601000000| PB 0x0000000601000000| Untracked 
|   5|0x0000000601400000, 0x0000000601800000, 0x0000000601800000|100%| O|  |TAMS 0x0000000601400000| PB 0x0000000601400000| Untracked 
|   6|0x0000000601800000, 0x0000000601c00000, 0x0000000601c00000|100%| O|  |TAMS 0x0000000601800000| PB 0x0000000601800000| Untracked 
|   7|0x0000000601c00000, 0x0000000602000000, 0x0000000602000000|100%| O|  |TAMS 0x0000000601c00000| PB 0x0000000601c00000| Untracked 
|   8|0x0000000602000000, 0x0000000602400000, 0x0000000602400000|100%|HS|  |TAMS 0x0000000602000000| PB 0x0000000602000000| Complete 
|   9|0x0000000602400000, 0x0000000602800000, 0x0000000602800000|100%| O|  |TAMS 0x0000000602400000| PB 0x0000000602400000| Untracked 
|  10|0x0000000602800000, 0x0000000602c00000, 0x0000000602c00000|100%| O|  |TAMS 0x0000000602800000| PB 0x0000000602800000| Untracked 
|  11|0x0000000602c00000, 0x0000000603000000, 0x0000000603000000|100%| O|  |TAMS 0x0000000602c00000| PB 0x0000000602c00000| Untracked 
|  12|0x0000000603000000, 0x0000000603400000, 0x0000000603400000|100%| O|  |TAMS 0x0000000603000000| PB 0x0000000603000000| Untracked 
|  13|0x0000000603400000, 0x0000000603800000, 0x0000000603800000|100%| O|  |TAMS 0x0000000603400000| PB 0x0000000603400000| Untracked 
|  14|0x0000000603800000, 0x0000000603c00000, 0x0000000603c00000|100%| O|  |TAMS 0x0000000603800000| PB 0x0000000603800000| Untracked 
|  15|0x0000000603c00000, 0x0000000604000000, 0x0000000604000000|100%| O|  |TAMS 0x0000000603c00000| PB 0x0000000603c00000| Untracked 
|  16|0x0000000604000000, 0x0000000604400000, 0x0000000604400000|100%| O|  |TAMS 0x0000000604000000| PB 0x0000000604000000| Untracked 
|  17|0x0000000604400000, 0x0000000604800000, 0x0000000604800000|100%| O|  |TAMS 0x0000000604400000| PB 0x0000000604400000| Untracked 
|  18|0x0000000604800000, 0x0000000604c00000, 0x0000000604c00000|100%| O|  |TAMS 0x0000000604800000| PB 0x0000000604800000| Untracked 
|  19|0x0000000604c00000, 0x0000000605000000, 0x0000000605000000|100%| O|  |TAMS 0x0000000604c00000| PB 0x0000000604c00000| Untracked 
|  20|0x0000000605000000, 0x0000000605400000, 0x0000000605400000|100%| O|  |TAMS 0x0000000605000000| PB 0x0000000605000000| Untracked 
|  21|0x0000000605400000, 0x0000000605800000, 0x0000000605800000|100%| O|  |TAMS 0x0000000605400000| PB 0x0000000605400000| Untracked 
|  22|0x0000000605800000, 0x0000000605c00000, 0x0000000605c00000|100%| O|  |TAMS 0x0000000605800000| PB 0x0000000605800000| Untracked 
|  23|0x0000000605c00000, 0x0000000606000000, 0x0000000606000000|100%| O|  |TAMS 0x0000000605c00000| PB 0x0000000605c00000| Untracked 
|  24|0x0000000606000000, 0x0000000606400000, 0x0000000606400000|100%| O|  |TAMS 0x0000000606000000| PB 0x0000000606000000| Untracked 
|  25|0x0000000606400000, 0x0000000606800000, 0x0000000606800000|100%| O|  |TAMS 0x0000000606400000| PB 0x0000000606400000| Untracked 
|  26|0x0000000606800000, 0x0000000606c00000, 0x0000000606c00000|100%| O|  |TAMS 0x0000000606800000| PB 0x0000000606800000| Untracked 
|  27|0x0000000606c00000, 0x0000000607000000, 0x0000000607000000|100%| O|  |TAMS 0x0000000606c00000| PB 0x0000000606c00000| Untracked 
|  28|0x0000000607000000, 0x0000000607400000, 0x0000000607400000|100%|HS|  |TAMS 0x0000000607000000| PB 0x0000000607000000| Complete 
|  29|0x0000000607400000, 0x0000000607800000, 0x0000000607800000|100%| O|  |TAMS 0x0000000607400000| PB 0x0000000607400000| Untracked 
|  30|0x0000000607800000, 0x0000000607c00000, 0x0000000607c00000|100%| O|  |TAMS 0x0000000607800000| PB 0x0000000607800000| Untracked 
|  31|0x0000000607c00000, 0x0000000608000000, 0x0000000608000000|100%| O|  |TAMS 0x0000000607c00000| PB 0x0000000607c00000| Untracked 
|  32|0x0000000608000000, 0x0000000608400000, 0x0000000608400000|100%| O|  |TAMS 0x0000000608000000| PB 0x0000000608000000| Untracked 
|  33|0x0000000608400000, 0x0000000608800000, 0x0000000608800000|100%| O|  |TAMS 0x0000000608400000| PB 0x0000000608400000| Untracked 
|  34|0x0000000608800000, 0x0000000608c00000, 0x0000000608c00000|100%| O|  |TAMS 0x0000000608800000| PB 0x0000000608800000| Untracked 
|  35|0x0000000608c00000, 0x0000000609000000, 0x0000000609000000|100%| O|  |TAMS 0x0000000608c00000| PB 0x0000000608c00000| Untracked 
|  36|0x0000000609000000, 0x0000000609400000, 0x0000000609400000|100%| O|  |TAMS 0x0000000609000000| PB 0x0000000609000000| Untracked 
|  37|0x0000000609400000, 0x0000000609800000, 0x0000000609800000|100%| O|  |TAMS 0x0000000609400000| PB 0x0000000609400000| Untracked 
|  38|0x0000000609800000, 0x0000000609c00000, 0x0000000609c00000|100%| O|  |TAMS 0x0000000609800000| PB 0x0000000609800000| Untracked 
|  39|0x0000000609c00000, 0x000000060a000000, 0x000000060a000000|100%| O|  |TAMS 0x0000000609c00000| PB 0x0000000609c00000| Untracked 
|  40|0x000000060a000000, 0x000000060a400000, 0x000000060a400000|100%| O|  |TAMS 0x000000060a000000| PB 0x000000060a000000| Untracked 
|  41|0x000000060a400000, 0x000000060a800000, 0x000000060a800000|100%| O|  |TAMS 0x000000060a400000| PB 0x000000060a400000| Untracked 
|  42|0x000000060a800000, 0x000000060ac00000, 0x000000060ac00000|100%| O|  |TAMS 0x000000060a800000| PB 0x000000060a800000| Untracked 
|  43|0x000000060ac00000, 0x000000060b000000, 0x000000060b000000|100%| O|  |TAMS 0x000000060ac00000| PB 0x000000060ac00000| Untracked 
|  44|0x000000060b000000, 0x000000060b400000, 0x000000060b400000|100%| O|  |TAMS 0x000000060b000000| PB 0x000000060b000000| Untracked 
|  45|0x000000060b400000, 0x000000060b800000, 0x000000060b800000|100%| O|  |TAMS 0x000000060b400000| PB 0x000000060b400000| Untracked 
|  46|0x000000060b800000, 0x000000060bc00000, 0x000000060bc00000|100%| O|  |TAMS 0x000000060b800000| PB 0x000000060b800000| Untracked 
|  47|0x000000060bc00000, 0x000000060c000000, 0x000000060c000000|100%| O|  |TAMS 0x000000060bc00000| PB 0x000000060bc00000| Untracked 
|  48|0x000000060c000000, 0x000000060c400000, 0x000000060c400000|100%| O|  |TAMS 0x000000060c000000| PB 0x000000060c000000| Untracked 
|  49|0x000000060c400000, 0x000000060c800000, 0x000000060c800000|100%| O|  |TAMS 0x000000060c400000| PB 0x000000060c400000| Untracked 
|  50|0x000000060c800000, 0x000000060cc00000, 0x000000060cc00000|100%| O|  |TAMS 0x000000060c800000| PB 0x000000060c800000| Untracked 
|  51|0x000000060cc00000, 0x000000060d000000, 0x000000060d000000|100%| O|  |TAMS 0x000000060cc00000| PB 0x000000060cc00000| Untracked 
|  52|0x000000060d000000, 0x000000060d400000, 0x000000060d400000|100%| O|  |TAMS 0x000000060d000000| PB 0x000000060d000000| Untracked 
|  53|0x000000060d400000, 0x000000060d800000, 0x000000060d800000|100%| O|  |TAMS 0x000000060d400000| PB 0x000000060d400000| Untracked 
|  54|0x000000060d800000, 0x000000060dc00000, 0x000000060dc00000|100%| O|  |TAMS 0x000000060d800000| PB 0x000000060d800000| Untracked 
|  55|0x000000060dc00000, 0x000000060e000000, 0x000000060e000000|100%| O|  |TAMS 0x000000060dc00000| PB 0x000000060dc00000| Untracked 
|  56|0x000000060e000000, 0x000000060e400000, 0x000000060e400000|100%| O|  |TAMS 0x000000060e000000| PB 0x000000060e000000| Untracked 
|  57|0x000000060e400000, 0x000000060e800000, 0x000000060e800000|100%| O|  |TAMS 0x000000060e400000| PB 0x000000060e400000| Untracked 
|  58|0x000000060e800000, 0x000000060ec00000, 0x000000060ec00000|100%| O|  |TAMS 0x000000060e800000| PB 0x000000060e800000| Untracked 
|  59|0x000000060ec00000, 0x000000060f000000, 0x000000060f000000|100%| O|  |TAMS 0x000000060ec00000| PB 0x000000060ec00000| Untracked 
|  60|0x000000060f000000, 0x000000060f400000, 0x000000060f400000|100%| O|  |TAMS 0x000000060f000000| PB 0x000000060f000000| Untracked 
|  61|0x000000060f400000, 0x000000060f800000, 0x000000060f800000|100%| O|  |TAMS 0x000000060f400000| PB 0x000000060f400000| Untracked 
|  62|0x000000060f800000, 0x000000060fc00000, 0x000000060fc00000|100%| O|  |TAMS 0x000000060f800000| PB 0x000000060f800000| Untracked 
|  63|0x000000060fc00000, 0x0000000610000000, 0x0000000610000000|100%| O|  |TAMS 0x000000060fc00000| PB 0x000000060fc00000| Untracked 
|  64|0x0000000610000000, 0x0000000610400000, 0x0000000610400000|100%| O|  |TAMS 0x0000000610000000| PB 0x0000000610000000| Untracked 
|  65|0x0000000610400000, 0x0000000610800000, 0x0000000610800000|100%| O|  |TAMS 0x0000000610400000| PB 0x0000000610400000| Untracked 
|  66|0x0000000610800000, 0x0000000610c00000, 0x0000000610c00000|100%| O|  |TAMS 0x0000000610800000| PB 0x0000000610800000| Untracked 
|  67|0x0000000610c00000, 0x0000000611000000, 0x0000000611000000|100%| O|  |TAMS 0x0000000610c00000| PB 0x0000000610c00000| Untracked 
|  68|0x0000000611000000, 0x0000000611400000, 0x0000000611400000|100%| O|  |TAMS 0x0000000611000000| PB 0x0000000611000000| Untracked 
|  69|0x0000000611400000, 0x0000000611800000, 0x0000000611800000|100%| O|  |TAMS 0x0000000611400000| PB 0x0000000611400000| Untracked 
|  70|0x0000000611800000, 0x0000000611c00000, 0x0000000611c00000|100%| O|  |TAMS 0x0000000611800000| PB 0x0000000611800000| Untracked 
|  71|0x0000000611c00000, 0x0000000612000000, 0x0000000612000000|100%| O|  |TAMS 0x0000000611c00000| PB 0x0000000611c00000| Untracked 
|  72|0x0000000612000000, 0x000000061219dc00, 0x0000000612400000| 40%| O|  |TAMS 0x0000000612000000| PB 0x0000000612000000| Untracked 
|  73|0x0000000612400000, 0x0000000612400000, 0x0000000612800000|  0%| F|  |TAMS 0x0000000612400000| PB 0x0000000612400000| Untracked 
|  74|0x0000000612800000, 0x0000000612800000, 0x0000000612c00000|  0%| F|  |TAMS 0x0000000612800000| PB 0x0000000612800000| Untracked 
|  75|0x0000000612c00000, 0x0000000612c00000, 0x0000000613000000|  0%| F|  |TAMS 0x0000000612c00000| PB 0x0000000612c00000| Untracked 
|  76|0x0000000613000000, 0x0000000613000000, 0x0000000613400000|  0%| F|  |TAMS 0x0000000613000000| PB 0x0000000613000000| Untracked 
|  77|0x0000000613400000, 0x0000000613400000, 0x0000000613800000|  0%| F|  |TAMS 0x0000000613400000| PB 0x0000000613400000| Untracked 
|  78|0x0000000613800000, 0x0000000613800000, 0x0000000613c00000|  0%| F|  |TAMS 0x0000000613800000| PB 0x0000000613800000| Untracked 
|  79|0x0000000613c00000, 0x0000000613c00000, 0x0000000614000000|  0%| F|  |TAMS 0x0000000613c00000| PB 0x0000000613c00000| Untracked 
|  80|0x0000000614000000, 0x0000000614000000, 0x0000000614400000|  0%| F|  |TAMS 0x0000000614000000| PB 0x0000000614000000| Untracked 
|  81|0x0000000614400000, 0x0000000614400000, 0x0000000614800000|  0%| F|  |TAMS 0x0000000614400000| PB 0x0000000614400000| Untracked 
|  82|0x0000000614800000, 0x0000000614800000, 0x0000000614c00000|  0%| F|  |TAMS 0x0000000614800000| PB 0x0000000614800000| Untracked 
|  83|0x0000000614c00000, 0x0000000614c00000, 0x0000000615000000|  0%| F|  |TAMS 0x0000000614c00000| PB 0x0000000614c00000| Untracked 
|  84|0x0000000615000000, 0x0000000615000000, 0x0000000615400000|  0%| F|  |TAMS 0x0000000615000000| PB 0x0000000615000000| Untracked 
|  85|0x0000000615400000, 0x0000000615400000, 0x0000000615800000|  0%| F|  |TAMS 0x0000000615400000| PB 0x0000000615400000| Untracked 
|  86|0x0000000615800000, 0x0000000615800000, 0x0000000615c00000|  0%| F|  |TAMS 0x0000000615800000| PB 0x0000000615800000| Untracked 
|  87|0x0000000615c00000, 0x0000000615c00000, 0x0000000616000000|  0%| F|  |TAMS 0x0000000615c00000| PB 0x0000000615c00000| Untracked 
|  88|0x0000000616000000, 0x0000000616000000, 0x0000000616400000|  0%| F|  |TAMS 0x0000000616000000| PB 0x0000000616000000| Untracked 
|  89|0x0000000616400000, 0x0000000616400000, 0x0000000616800000|  0%| F|  |TAMS 0x0000000616400000| PB 0x0000000616400000| Untracked 
|  90|0x0000000616800000, 0x0000000616800000, 0x0000000616c00000|  0%| F|  |TAMS 0x0000000616800000| PB 0x0000000616800000| Untracked 
|  91|0x0000000616c00000, 0x0000000616c00000, 0x0000000617000000|  0%| F|  |TAMS 0x0000000616c00000| PB 0x0000000616c00000| Untracked 
|  92|0x0000000617000000, 0x0000000617000000, 0x0000000617400000|  0%| F|  |TAMS 0x0000000617000000| PB 0x0000000617000000| Untracked 
|  93|0x0000000617400000, 0x0000000617400000, 0x0000000617800000|  0%| F|  |TAMS 0x0000000617400000| PB 0x0000000617400000| Untracked 
|  94|0x0000000617800000, 0x0000000617800000, 0x0000000617c00000|  0%| F|  |TAMS 0x0000000617800000| PB 0x0000000617800000| Untracked 
|  95|0x0000000617c00000, 0x0000000617c00000, 0x0000000618000000|  0%| F|  |TAMS 0x0000000617c00000| PB 0x0000000617c00000| Untracked 
|  96|0x0000000618000000, 0x0000000618000000, 0x0000000618400000|  0%| F|  |TAMS 0x0000000618000000| PB 0x0000000618000000| Untracked 
|  97|0x0000000618400000, 0x0000000618400000, 0x0000000618800000|  0%| F|  |TAMS 0x0000000618400000| PB 0x0000000618400000| Untracked 
|  98|0x0000000618800000, 0x0000000618800000, 0x0000000618c00000|  0%| F|  |TAMS 0x0000000618800000| PB 0x0000000618800000| Untracked 
|  99|0x0000000618c00000, 0x0000000618c00000, 0x0000000619000000|  0%| F|  |TAMS 0x0000000618c00000| PB 0x0000000618c00000| Untracked 
| 100|0x0000000619000000, 0x0000000619000000, 0x0000000619400000|  0%| F|  |TAMS 0x0000000619000000| PB 0x0000000619000000| Untracked 
| 101|0x0000000619400000, 0x0000000619400000, 0x0000000619800000|  0%| F|  |TAMS 0x0000000619400000| PB 0x0000000619400000| Untracked 
| 102|0x0000000619800000, 0x0000000619800000, 0x0000000619c00000|  0%| F|  |TAMS 0x0000000619800000| PB 0x0000000619800000| Untracked 
| 103|0x0000000619c00000, 0x0000000619c00000, 0x000000061a000000|  0%| F|  |TAMS 0x0000000619c00000| PB 0x0000000619c00000| Untracked 
| 104|0x000000061a000000, 0x000000061a000000, 0x000000061a400000|  0%| F|  |TAMS 0x000000061a000000| PB 0x000000061a000000| Untracked 
| 105|0x000000061a400000, 0x000000061a400000, 0x000000061a800000|  0%| F|  |TAMS 0x000000061a400000| PB 0x000000061a400000| Untracked 
| 106|0x000000061a800000, 0x000000061a800000, 0x000000061ac00000|  0%| F|  |TAMS 0x000000061a800000| PB 0x000000061a800000| Untracked 
| 107|0x000000061ac00000, 0x000000061ac00000, 0x000000061b000000|  0%| F|  |TAMS 0x000000061ac00000| PB 0x000000061ac00000| Untracked 
| 108|0x000000061b000000, 0x000000061b000000, 0x000000061b400000|  0%| F|  |TAMS 0x000000061b000000| PB 0x000000061b000000| Untracked 
| 109|0x000000061b400000, 0x000000061b400000, 0x000000061b800000|  0%| F|  |TAMS 0x000000061b400000| PB 0x000000061b400000| Untracked 
| 110|0x000000061b800000, 0x000000061b800000, 0x000000061bc00000|  0%| F|  |TAMS 0x000000061b800000| PB 0x000000061b800000| Untracked 
| 111|0x000000061bc00000, 0x000000061bc00000, 0x000000061c000000|  0%| F|  |TAMS 0x000000061bc00000| PB 0x000000061bc00000| Untracked 
| 112|0x000000061c000000, 0x000000061c000000, 0x000000061c400000|  0%| F|  |TAMS 0x000000061c000000| PB 0x000000061c000000| Untracked 
| 113|0x000000061c400000, 0x000000061c400000, 0x000000061c800000|  0%| F|  |TAMS 0x000000061c400000| PB 0x000000061c400000| Untracked 
| 114|0x000000061c800000, 0x000000061c800000, 0x000000061cc00000|  0%| F|  |TAMS 0x000000061c800000| PB 0x000000061c800000| Untracked 
| 115|0x000000061cc00000, 0x000000061cc00000, 0x000000061d000000|  0%| F|  |TAMS 0x000000061cc00000| PB 0x000000061cc00000| Untracked 
| 116|0x000000061d000000, 0x000000061d000000, 0x000000061d400000|  0%| F|  |TAMS 0x000000061d000000| PB 0x000000061d000000| Untracked 
| 117|0x000000061d400000, 0x000000061d400000, 0x000000061d800000|  0%| F|  |TAMS 0x000000061d400000| PB 0x000000061d400000| Untracked 
| 118|0x000000061d800000, 0x000000061d800000, 0x000000061dc00000|  0%| F|  |TAMS 0x000000061d800000| PB 0x000000061d800000| Untracked 
| 119|0x000000061dc00000, 0x000000061dc00000, 0x000000061e000000|  0%| F|  |TAMS 0x000000061dc00000| PB 0x000000061dc00000| Untracked 
| 120|0x000000061e000000, 0x000000061e000000, 0x000000061e400000|  0%| F|  |TAMS 0x000000061e000000| PB 0x000000061e000000| Untracked 
| 121|0x000000061e400000, 0x000000061e400000, 0x000000061e800000|  0%| F|  |TAMS 0x000000061e400000| PB 0x000000061e400000| Untracked 
| 122|0x000000061e800000, 0x000000061e800000, 0x000000061ec00000|  0%| F|  |TAMS 0x000000061e800000| PB 0x000000061e800000| Untracked 
| 123|0x000000061ec00000, 0x000000061ec00000, 0x000000061f000000|  0%| F|  |TAMS 0x000000061ec00000| PB 0x000000061ec00000| Untracked 
| 124|0x000000061f000000, 0x000000061f000000, 0x000000061f400000|  0%| F|  |TAMS 0x000000061f000000| PB 0x000000061f000000| Untracked 
| 125|0x000000061f400000, 0x000000061f400000, 0x000000061f800000|  0%| F|  |TAMS 0x000000061f400000| PB 0x000000061f400000| Untracked 
| 126|0x000000061f800000, 0x000000061f800000, 0x000000061fc00000|  0%| F|  |TAMS 0x000000061f800000| PB 0x000000061f800000| Untracked 
| 127|0x000000061fc00000, 0x000000061fc00000, 0x0000000620000000|  0%| F|  |TAMS 0x000000061fc00000| PB 0x000000061fc00000| Untracked 
| 128|0x0000000620000000, 0x0000000620000000, 0x0000000620400000|  0%| F|  |TAMS 0x0000000620000000| PB 0x0000000620000000| Untracked 
| 129|0x0000000620400000, 0x0000000620400000, 0x0000000620800000|  0%| F|  |TAMS 0x0000000620400000| PB 0x0000000620400000| Untracked 
| 130|0x0000000620800000, 0x0000000620800000, 0x0000000620c00000|  0%| F|  |TAMS 0x0000000620800000| PB 0x0000000620800000| Untracked 
| 131|0x0000000620c00000, 0x0000000620c00000, 0x0000000621000000|  0%| F|  |TAMS 0x0000000620c00000| PB 0x0000000620c00000| Untracked 
| 132|0x0000000621000000, 0x0000000621000000, 0x0000000621400000|  0%| F|  |TAMS 0x0000000621000000| PB 0x0000000621000000| Untracked 
| 133|0x0000000621400000, 0x0000000621400000, 0x0000000621800000|  0%| F|  |TAMS 0x0000000621400000| PB 0x0000000621400000| Untracked 
| 134|0x0000000621800000, 0x0000000621800000, 0x0000000621c00000|  0%| F|  |TAMS 0x0000000621800000| PB 0x0000000621800000| Untracked 
| 135|0x0000000621c00000, 0x0000000621c00000, 0x0000000622000000|  0%| F|  |TAMS 0x0000000621c00000| PB 0x0000000621c00000| Untracked 
| 136|0x0000000622000000, 0x0000000622000000, 0x0000000622400000|  0%| F|  |TAMS 0x0000000622000000| PB 0x0000000622000000| Untracked 
| 137|0x0000000622400000, 0x0000000622400000, 0x0000000622800000|  0%| F|  |TAMS 0x0000000622400000| PB 0x0000000622400000| Untracked 
| 138|0x0000000622800000, 0x0000000622800000, 0x0000000622c00000|  0%| F|  |TAMS 0x0000000622800000| PB 0x0000000622800000| Untracked 
| 139|0x0000000622c00000, 0x0000000622c00000, 0x0000000623000000|  0%| F|  |TAMS 0x0000000622c00000| PB 0x0000000622c00000| Untracked 
| 140|0x0000000623000000, 0x0000000623000000, 0x0000000623400000|  0%| F|  |TAMS 0x0000000623000000| PB 0x0000000623000000| Untracked 
| 141|0x0000000623400000, 0x0000000623400000, 0x0000000623800000|  0%| F|  |TAMS 0x0000000623400000| PB 0x0000000623400000| Untracked 
| 142|0x0000000623800000, 0x0000000623800000, 0x0000000623c00000|  0%| F|  |TAMS 0x0000000623800000| PB 0x0000000623800000| Untracked 
| 143|0x0000000623c00000, 0x0000000623c00000, 0x0000000624000000|  0%| F|  |TAMS 0x0000000623c00000| PB 0x0000000623c00000| Untracked 
| 144|0x0000000624000000, 0x0000000624000000, 0x0000000624400000|  0%| F|  |TAMS 0x0000000624000000| PB 0x0000000624000000| Untracked 
| 145|0x0000000624400000, 0x0000000624400000, 0x0000000624800000|  0%| F|  |TAMS 0x0000000624400000| PB 0x0000000624400000| Untracked 
| 146|0x0000000624800000, 0x0000000624800000, 0x0000000624c00000|  0%| F|  |TAMS 0x0000000624800000| PB 0x0000000624800000| Untracked 
| 147|0x0000000624c00000, 0x0000000624c00000, 0x0000000625000000|  0%| F|  |TAMS 0x0000000624c00000| PB 0x0000000624c00000| Untracked 
| 148|0x0000000625000000, 0x0000000625000000, 0x0000000625400000|  0%| F|  |TAMS 0x0000000625000000| PB 0x0000000625000000| Untracked 
| 149|0x0000000625400000, 0x0000000625400000, 0x0000000625800000|  0%| F|  |TAMS 0x0000000625400000| PB 0x0000000625400000| Untracked 
| 150|0x0000000625800000, 0x0000000625800000, 0x0000000625c00000|  0%| F|  |TAMS 0x0000000625800000| PB 0x0000000625800000| Untracked 
| 151|0x0000000625c00000, 0x0000000625c00000, 0x0000000626000000|  0%| F|  |TAMS 0x0000000625c00000| PB 0x0000000625c00000| Untracked 
| 152|0x0000000626000000, 0x0000000626000000, 0x0000000626400000|  0%| F|  |TAMS 0x0000000626000000| PB 0x0000000626000000| Untracked 
| 153|0x0000000626400000, 0x0000000626400000, 0x0000000626800000|  0%| F|  |TAMS 0x0000000626400000| PB 0x0000000626400000| Untracked 
| 154|0x0000000626800000, 0x0000000626800000, 0x0000000626c00000|  0%| F|  |TAMS 0x0000000626800000| PB 0x0000000626800000| Untracked 
| 155|0x0000000626c00000, 0x0000000626c00000, 0x0000000627000000|  0%| F|  |TAMS 0x0000000626c00000| PB 0x0000000626c00000| Untracked 
| 156|0x0000000627000000, 0x0000000627179480, 0x0000000627400000| 36%| S|CS|TAMS 0x0000000627000000| PB 0x0000000627000000| Complete 
| 157|0x0000000627400000, 0x0000000627400000, 0x0000000627800000|  0%| F|  |TAMS 0x0000000627400000| PB 0x0000000627400000| Untracked 
| 158|0x0000000627800000, 0x0000000627800000, 0x0000000627c00000|  0%| F|  |TAMS 0x0000000627800000| PB 0x0000000627800000| Untracked 
| 159|0x0000000627c00000, 0x0000000627c00000, 0x0000000628000000|  0%| F|  |TAMS 0x0000000627c00000| PB 0x0000000627c00000| Untracked 
| 160|0x0000000628000000, 0x0000000628000000, 0x0000000628400000|  0%| F|  |TAMS 0x0000000628000000| PB 0x0000000628000000| Untracked 
| 161|0x0000000628400000, 0x0000000628400000, 0x0000000628800000|  0%| F|  |TAMS 0x0000000628400000| PB 0x0000000628400000| Untracked 
| 162|0x0000000628800000, 0x0000000628800000, 0x0000000628c00000|  0%| F|  |TAMS 0x0000000628800000| PB 0x0000000628800000| Untracked 
| 163|0x0000000628c00000, 0x0000000628c00000, 0x0000000629000000|  0%| F|  |TAMS 0x0000000628c00000| PB 0x0000000628c00000| Untracked 
| 164|0x0000000629000000, 0x0000000629000000, 0x0000000629400000|  0%| F|  |TAMS 0x0000000629000000| PB 0x0000000629000000| Untracked 
| 165|0x0000000629400000, 0x0000000629400000, 0x0000000629800000|  0%| F|  |TAMS 0x0000000629400000| PB 0x0000000629400000| Untracked 
| 166|0x0000000629800000, 0x0000000629800000, 0x0000000629c00000|  0%| F|  |TAMS 0x0000000629800000| PB 0x0000000629800000| Untracked 
| 167|0x0000000629c00000, 0x0000000629c00000, 0x000000062a000000|  0%| F|  |TAMS 0x0000000629c00000| PB 0x0000000629c00000| Untracked 
| 168|0x000000062a000000, 0x000000062a000000, 0x000000062a400000|  0%| F|  |TAMS 0x000000062a000000| PB 0x000000062a000000| Untracked 
| 169|0x000000062a400000, 0x000000062a400000, 0x000000062a800000|  0%| F|  |TAMS 0x000000062a400000| PB 0x000000062a400000| Untracked 
| 170|0x000000062a800000, 0x000000062a800000, 0x000000062ac00000|  0%| F|  |TAMS 0x000000062a800000| PB 0x000000062a800000| Untracked 
| 171|0x000000062ac00000, 0x000000062ac00000, 0x000000062b000000|  0%| F|  |TAMS 0x000000062ac00000| PB 0x000000062ac00000| Untracked 
| 172|0x000000062b000000, 0x000000062b000000, 0x000000062b400000|  0%| F|  |TAMS 0x000000062b000000| PB 0x000000062b000000| Untracked 
| 173|0x000000062b400000, 0x000000062b400000, 0x000000062b800000|  0%| F|  |TAMS 0x000000062b400000| PB 0x000000062b400000| Untracked 
| 174|0x000000062b800000, 0x000000062b800000, 0x000000062bc00000|  0%| F|  |TAMS 0x000000062b800000| PB 0x000000062b800000| Untracked 
| 175|0x000000062bc00000, 0x000000062bc00000, 0x000000062c000000|  0%| F|  |TAMS 0x000000062bc00000| PB 0x000000062bc00000| Untracked 
| 176|0x000000062c000000, 0x000000062c000000, 0x000000062c400000|  0%| F|  |TAMS 0x000000062c000000| PB 0x000000062c000000| Untracked 
| 177|0x000000062c400000, 0x000000062c400000, 0x000000062c800000|  0%| F|  |TAMS 0x000000062c400000| PB 0x000000062c400000| Untracked 
| 178|0x000000062c800000, 0x000000062c800000, 0x000000062cc00000|  0%| F|  |TAMS 0x000000062c800000| PB 0x000000062c800000| Untracked 
| 179|0x000000062cc00000, 0x000000062cc00000, 0x000000062d000000|  0%| F|  |TAMS 0x000000062cc00000| PB 0x000000062cc00000| Untracked 
| 180|0x000000062d000000, 0x000000062d000000, 0x000000062d400000|  0%| F|  |TAMS 0x000000062d000000| PB 0x000000062d000000| Untracked 
| 181|0x000000062d400000, 0x000000062d400000, 0x000000062d800000|  0%| F|  |TAMS 0x000000062d400000| PB 0x000000062d400000| Untracked 
| 182|0x000000062d800000, 0x000000062d800000, 0x000000062dc00000|  0%| F|  |TAMS 0x000000062d800000| PB 0x000000062d800000| Untracked 
| 183|0x000000062dc00000, 0x000000062dc00000, 0x000000062e000000|  0%| F|  |TAMS 0x000000062dc00000| PB 0x000000062dc00000| Untracked 
| 184|0x000000062e000000, 0x000000062e000000, 0x000000062e400000|  0%| F|  |TAMS 0x000000062e000000| PB 0x000000062e000000| Untracked 
| 185|0x000000062e400000, 0x000000062e400000, 0x000000062e800000|  0%| F|  |TAMS 0x000000062e400000| PB 0x000000062e400000| Untracked 
| 186|0x000000062e800000, 0x000000062e800000, 0x000000062ec00000|  0%| F|  |TAMS 0x000000062e800000| PB 0x000000062e800000| Untracked 
| 187|0x000000062ec00000, 0x000000062ec00000, 0x000000062f000000|  0%| F|  |TAMS 0x000000062ec00000| PB 0x000000062ec00000| Untracked 
| 188|0x000000062f000000, 0x000000062f000000, 0x000000062f400000|  0%| F|  |TAMS 0x000000062f000000| PB 0x000000062f000000| Untracked 
| 189|0x000000062f400000, 0x000000062f400000, 0x000000062f800000|  0%| F|  |TAMS 0x000000062f400000| PB 0x000000062f400000| Untracked 
| 190|0x000000062f800000, 0x000000062f800000, 0x000000062fc00000|  0%| F|  |TAMS 0x000000062f800000| PB 0x000000062f800000| Untracked 
| 191|0x000000062fc00000, 0x000000062fc00000, 0x0000000630000000|  0%| F|  |TAMS 0x000000062fc00000| PB 0x000000062fc00000| Untracked 
| 192|0x0000000630000000, 0x0000000630000000, 0x0000000630400000|  0%| F|  |TAMS 0x0000000630000000| PB 0x0000000630000000| Untracked 
| 193|0x0000000630400000, 0x0000000630400000, 0x0000000630800000|  0%| F|  |TAMS 0x0000000630400000| PB 0x0000000630400000| Untracked 
| 194|0x0000000630800000, 0x0000000630800000, 0x0000000630c00000|  0%| F|  |TAMS 0x0000000630800000| PB 0x0000000630800000| Untracked 
| 195|0x0000000630c00000, 0x0000000630c00000, 0x0000000631000000|  0%| F|  |TAMS 0x0000000630c00000| PB 0x0000000630c00000| Untracked 
| 196|0x0000000631000000, 0x0000000631000000, 0x0000000631400000|  0%| F|  |TAMS 0x0000000631000000| PB 0x0000000631000000| Untracked 
| 197|0x0000000631400000, 0x0000000631400000, 0x0000000631800000|  0%| F|  |TAMS 0x0000000631400000| PB 0x0000000631400000| Untracked 
| 198|0x0000000631800000, 0x0000000631800000, 0x0000000631c00000|  0%| F|  |TAMS 0x0000000631800000| PB 0x0000000631800000| Untracked 
| 199|0x0000000631c00000, 0x0000000631c00000, 0x0000000632000000|  0%| F|  |TAMS 0x0000000631c00000| PB 0x0000000631c00000| Untracked 
| 200|0x0000000632000000, 0x0000000632000000, 0x0000000632400000|  0%| F|  |TAMS 0x0000000632000000| PB 0x0000000632000000| Untracked 
| 201|0x0000000632400000, 0x0000000632400000, 0x0000000632800000|  0%| F|  |TAMS 0x0000000632400000| PB 0x0000000632400000| Untracked 
| 202|0x0000000632800000, 0x0000000632800000, 0x0000000632c00000|  0%| F|  |TAMS 0x0000000632800000| PB 0x0000000632800000| Untracked 
| 203|0x0000000632c00000, 0x0000000632c00000, 0x0000000633000000|  0%| F|  |TAMS 0x0000000632c00000| PB 0x0000000632c00000| Untracked 
| 204|0x0000000633000000, 0x0000000633000000, 0x0000000633400000|  0%| F|  |TAMS 0x0000000633000000| PB 0x0000000633000000| Untracked 
| 205|0x0000000633400000, 0x0000000633400000, 0x0000000633800000|  0%| F|  |TAMS 0x0000000633400000| PB 0x0000000633400000| Untracked 
| 206|0x0000000633800000, 0x0000000633800000, 0x0000000633c00000|  0%| F|  |TAMS 0x0000000633800000| PB 0x0000000633800000| Untracked 
| 207|0x0000000633c00000, 0x0000000633c00000, 0x0000000634000000|  0%| F|  |TAMS 0x0000000633c00000| PB 0x0000000633c00000| Untracked 
| 208|0x0000000634000000, 0x0000000634000000, 0x0000000634400000|  0%| F|  |TAMS 0x0000000634000000| PB 0x0000000634000000| Untracked 
| 209|0x0000000634400000, 0x0000000634400000, 0x0000000634800000|  0%| F|  |TAMS 0x0000000634400000| PB 0x0000000634400000| Untracked 
| 210|0x0000000634800000, 0x0000000634800000, 0x0000000634c00000|  0%| F|  |TAMS 0x0000000634800000| PB 0x0000000634800000| Untracked 
| 211|0x0000000634c00000, 0x0000000634c00000, 0x0000000635000000|  0%| F|  |TAMS 0x0000000634c00000| PB 0x0000000634c00000| Untracked 
| 212|0x0000000635000000, 0x0000000635000000, 0x0000000635400000|  0%| F|  |TAMS 0x0000000635000000| PB 0x0000000635000000| Untracked 
| 213|0x0000000635400000, 0x0000000635400000, 0x0000000635800000|  0%| F|  |TAMS 0x0000000635400000| PB 0x0000000635400000| Untracked 
| 214|0x0000000635800000, 0x0000000635800000, 0x0000000635c00000|  0%| F|  |TAMS 0x0000000635800000| PB 0x0000000635800000| Untracked 
| 215|0x0000000635c00000, 0x0000000635c00000, 0x0000000636000000|  0%| F|  |TAMS 0x0000000635c00000| PB 0x0000000635c00000| Untracked 
| 216|0x0000000636000000, 0x0000000636000000, 0x0000000636400000|  0%| F|  |TAMS 0x0000000636000000| PB 0x0000000636000000| Untracked 
| 217|0x0000000636400000, 0x0000000636400000, 0x0000000636800000|  0%| F|  |TAMS 0x0000000636400000| PB 0x0000000636400000| Untracked 
| 218|0x0000000636800000, 0x0000000636800000, 0x0000000636c00000|  0%| F|  |TAMS 0x0000000636800000| PB 0x0000000636800000| Untracked 
| 219|0x0000000636c00000, 0x0000000636c00000, 0x0000000637000000|  0%| F|  |TAMS 0x0000000636c00000| PB 0x0000000636c00000| Untracked 
| 220|0x0000000637000000, 0x0000000637000000, 0x0000000637400000|  0%| F|  |TAMS 0x0000000637000000| PB 0x0000000637000000| Untracked 
| 221|0x0000000637400000, 0x0000000637400000, 0x0000000637800000|  0%| F|  |TAMS 0x0000000637400000| PB 0x0000000637400000| Untracked 
| 222|0x0000000637800000, 0x0000000637800000, 0x0000000637c00000|  0%| F|  |TAMS 0x0000000637800000| PB 0x0000000637800000| Untracked 
| 223|0x0000000637c00000, 0x0000000637c00000, 0x0000000638000000|  0%| F|  |TAMS 0x0000000637c00000| PB 0x0000000637c00000| Untracked 
| 224|0x0000000638000000, 0x0000000638000000, 0x0000000638400000|  0%| F|  |TAMS 0x0000000638000000| PB 0x0000000638000000| Untracked 
| 225|0x0000000638400000, 0x0000000638400000, 0x0000000638800000|  0%| F|  |TAMS 0x0000000638400000| PB 0x0000000638400000| Untracked 
| 226|0x0000000638800000, 0x0000000638800000, 0x0000000638c00000|  0%| F|  |TAMS 0x0000000638800000| PB 0x0000000638800000| Untracked 
| 227|0x0000000638c00000, 0x0000000638c00000, 0x0000000639000000|  0%| F|  |TAMS 0x0000000638c00000| PB 0x0000000638c00000| Untracked 
| 228|0x0000000639000000, 0x0000000639000000, 0x0000000639400000|  0%| F|  |TAMS 0x0000000639000000| PB 0x0000000639000000| Untracked 
| 229|0x0000000639400000, 0x0000000639400000, 0x0000000639800000|  0%| F|  |TAMS 0x0000000639400000| PB 0x0000000639400000| Untracked 
| 230|0x0000000639800000, 0x0000000639800000, 0x0000000639c00000|  0%| F|  |TAMS 0x0000000639800000| PB 0x0000000639800000| Untracked 
| 231|0x0000000639c00000, 0x0000000639c00000, 0x000000063a000000|  0%| F|  |TAMS 0x0000000639c00000| PB 0x0000000639c00000| Untracked 
| 232|0x000000063a000000, 0x000000063a000000, 0x000000063a400000|  0%| F|  |TAMS 0x000000063a000000| PB 0x000000063a000000| Untracked 
| 233|0x000000063a400000, 0x000000063a400000, 0x000000063a800000|  0%| F|  |TAMS 0x000000063a400000| PB 0x000000063a400000| Untracked 
| 234|0x000000063a800000, 0x000000063a800000, 0x000000063ac00000|  0%| F|  |TAMS 0x000000063a800000| PB 0x000000063a800000| Untracked 
|2047|0x00000007ffc00000, 0x0000000800000000, 0x0000000800000000|100%| O|  |TAMS 0x00000007ffc00000| PB 0x00000007ffc00000| Untracked 

Card table byte_map: [0x0000028e78040000,0x0000028e79040000] _byte_map_base: 0x0000028e75040000

Marking Bits: (CMBitMap*) 0x0000028e53f850d0
 Bits: [0x0000028e00000000, 0x0000028e08000000)

Polling page: 0x0000028e51c70000

Metaspace:

Usage:
  Non-class:    155.50 MB used.
      Class:     22.74 MB used.
       Both:    178.24 MB used.

Virtual space:
  Non-class space:      192.00 MB reserved,     156.81 MB ( 82%) committed,  3 nodes.
      Class space:        1.00 GB reserved,      23.94 MB (  2%) committed,  1 nodes.
             Both:        1.19 GB reserved,     180.75 MB ( 15%) committed. 

Chunk freelists:
   Non-Class:  3.01 MB
       Class:  8.00 MB
        Both:  11.02 MB

MaxMetaspaceSize: 4.00 GB
CompressedClassSpaceSize: 1.00 GB
Initial GC threshold: 21.00 MB
Current GC threshold: 241.50 MB
CDS: off
 - commit_granule_bytes: 65536.
 - commit_granule_words: 8192.
 - virtual_space_node_default_size: 8388608.
 - enlarge_chunks_in_place: 1.
 - use_allocation_guard: 0.


Internal statistics:

num_allocs_failed_limit: 12.
num_arena_births: 5184.
num_arena_deaths: 0.
num_vsnodes_births: 4.
num_vsnodes_deaths: 0.
num_space_committed: 2890.
num_space_uncommitted: 0.
num_chunks_returned_to_freelist: 12.
num_chunks_taken_from_freelist: 12303.
num_chunk_merges: 12.
num_chunk_splits: 8578.
num_chunks_enlarged: 5928.
num_inconsistent_stats: 0.

CodeHeap 'non-profiled nmethods': size=259328Kb used=26323Kb max_used=26323Kb free=233004Kb
 bounds [0x0000028e67300000, 0x0000028e68cc0000, 0x0000028e77040000]
CodeHeap 'profiled nmethods': size=259264Kb used=65269Kb max_used=65269Kb free=193994Kb
 bounds [0x0000028e57040000, 0x0000028e5b000000, 0x0000028e66d70000]
CodeHeap 'non-nmethods': size=5696Kb used=2266Kb max_used=2314Kb free=3429Kb
 bounds [0x0000028e66d70000, 0x0000028e66fe0000, 0x0000028e67300000]
CodeCache: size=524288Kb, used=93858Kb, max_used=93906Kb, free=430427Kb
 total_blobs=28265, nmethods=27152, adapters=1014, full_count=0
Compilation: enabled, stopped_count=0, restarted_count=0

Compilation events (20 events):
Event: 3034.707 Thread 0x0000028e0c07b2e0 31291       4       org.gradle.launcher.daemon.server.exec.DaemonConnectionBackedEventConsumer$ForwardEvents::moreMessagesToSend (35 bytes)
Event: 3034.713 Thread 0x0000028e0c07b2e0 nmethod 31291 0x0000028e68ca1010 code [0x0000028e68ca11c0, 0x0000028e68ca1300]
Event: 3035.087 Thread 0x0000028e0c0df6f0 31292       3       java.lang.invoke.LambdaForm$DMH/0x00000008017bc000::newInvokeSpecial (27 bytes)
Event: 3035.091 Thread 0x0000028e0c0df6f0 nmethod 31292 0x0000028e5aff9c10 code [0x0000028e5aff9f80, 0x0000028e5affb720]
Event: 3035.392 Thread 0x0000028e0c0df6f0 31293       3       org.gradle.api.internal.initialization.transform.services.InjectedInstrumentationServices_Decorated$$Lambda/0x0000000801301200::run (8 bytes)
Event: 3035.394 Thread 0x0000028e0c0df6f0 nmethod 31293 0x0000028e5affbe10 code [0x0000028e5affc020, 0x0000028e5affc630]
Event: 3035.394 Thread 0x0000028e0c0df6f0 31294       3       org.gradle.api.internal.initialization.transform.services.InjectedInstrumentationServices_Decorated::$gradleInitWork (19 bytes)
Event: 3035.395 Thread 0x0000028e0c0df6f0 nmethod 31294 0x0000028e5affc890 code [0x0000028e5affca80, 0x0000028e5affd020]
Event: 3035.395 Thread 0x0000028e0c0df6f0 31295       3       org.gradle.api.internal.initialization.transform.services.InjectedInstrumentationServices_Decorated::$gradleInitAttach (1 bytes)
Event: 3035.395 Thread 0x0000028e0c0df6f0 nmethod 31295 0x0000028e5affd210 code [0x0000028e5affd3a0, 0x0000028e5affd4a8]
Event: 3035.396 Thread 0x0000028e0c07b2e0 31296       4       org.gradle.util.internal.GFileUtils::mkdirs (253 bytes)
Event: 3035.950 Thread 0x0000028e0c07b2e0 nmethod 31296 0x0000028e68ca1410 code [0x0000028e68ca1e40, 0x0000028e68ca8488]
Event: 3036.323 Thread 0x0000028e0c07b2e0 31297       4       org.gradle.api.internal.provider.AbstractMinimalProvider::calculateValue (15 bytes)
Event: 3036.329 Thread 0x0000028e0c07b2e0 nmethod 31297 0x0000028e68cac190 code [0x0000028e68cac380, 0x0000028e68cac6f0]
Event: 3036.659 Thread 0x0000028e0c07b2e0 31298       4       org.gradle.cache.internal.btree.BTreePersistentIndexedCache$IndexBlock::maybeSplit (160 bytes)
Event: 3036.679 Thread 0x0000028e0c07b2e0 nmethod 31298 0x0000028e68cac990 code [0x0000028e68cacc00, 0x0000028e68cad660]
Event: 3037.182 Thread 0x0000028e0c07b2e0 31299       4       org.gradle.cache.internal.btree.BTreePersistentIndexedCache$IndexBlock::put (132 bytes)
Event: 3037.233 Thread 0x0000028e0c07b2e0 nmethod 31299 0x0000028e68cadc10 code [0x0000028e68cadf40, 0x0000028e68caf7c8]
Event: 3037.554 Thread 0x0000028e0c07b2e0 31300       4       org.gradle.internal.execution.steps.BuildOperationStep::operation (20 bytes)
Event: 3037.735 Thread 0x0000028e0c07b2e0 nmethod 31300 0x0000028e68cb0590 code [0x0000028e68cb09a0, 0x0000028e68cb32a8]

GC Heap History (20 events):
Event: 626.493 GC heap after
{Heap after GC invocations=133 (full 0):
 garbage-first heap   total 966656K, used 245259K [0x0000000600000000, 0x0000000800000000)
  region size 4096K, 10 young (40960K), 10 survivors (40960K)
 Metaspace       used 180163K, committed 182720K, reserved 1245184K
  class space    used 23038K, committed 24256K, reserved 1048576K
}
Event: 638.172 GC heap before
{Heap before GC invocations=133 (full 0):
 garbage-first heap   total 966656K, used 777739K [0x0000000600000000, 0x0000000800000000)
  region size 4096K, 141 young (577536K), 10 survivors (40960K)
 Metaspace       used 180203K, committed 182720K, reserved 1245184K
  class space    used 23039K, committed 24256K, reserved 1048576K
}
Event: 638.336 GC heap after
{Heap after GC invocations=134 (full 0):
 garbage-first heap   total 966656K, used 266905K [0x0000000600000000, 0x0000000800000000)
  region size 4096K, 14 young (57344K), 14 survivors (57344K)
 Metaspace       used 180203K, committed 182720K, reserved 1245184K
  class space    used 23039K, committed 24256K, reserved 1048576K
}
Event: 646.758 GC heap before
{Heap before GC invocations=134 (full 0):
 garbage-first heap   total 966656K, used 750233K [0x0000000600000000, 0x0000000800000000)
  region size 4096K, 132 young (540672K), 14 survivors (57344K)
 Metaspace       used 180267K, committed 182784K, reserved 1245184K
  class space    used 23039K, committed 24256K, reserved 1048576K
}
Event: 646.968 GC heap after
{Heap after GC invocations=135 (full 0):
 garbage-first heap   total 966656K, used 274331K [0x0000000600000000, 0x0000000800000000)
  region size 4096K, 10 young (40960K), 10 survivors (40960K)
 Metaspace       used 180267K, committed 182784K, reserved 1245184K
  class space    used 23039K, committed 24256K, reserved 1048576K
}
Event: 658.860 GC heap before
{Heap before GC invocations=135 (full 0):
 garbage-first heap   total 966656K, used 765851K [0x0000000600000000, 0x0000000800000000)
  region size 4096K, 131 young (536576K), 10 survivors (40960K)
 Metaspace       used 180339K, committed 182848K, reserved 1245184K
  class space    used 23042K, committed 24256K, reserved 1048576K
}
Event: 659.012 GC heap after
{Heap after GC invocations=136 (full 0):
 garbage-first heap   total 966656K, used 284672K [0x0000000600000000, 0x0000000800000000)
  region size 4096K, 10 young (40960K), 10 survivors (40960K)
 Metaspace       used 180339K, committed 182848K, reserved 1245184K
  class space    used 23042K, committed 24256K, reserved 1048576K
}
Event: 661.585 GC heap before
{Heap before GC invocations=136 (full 0):
 garbage-first heap   total 966656K, used 821248K [0x0000000600000000, 0x0000000800000000)
  region size 4096K, 141 young (577536K), 10 survivors (40960K)
 Metaspace       used 180339K, committed 182848K, reserved 1245184K
  class space    used 23042K, committed 24256K, reserved 1048576K
}
Event: 661.678 GC heap after
{Heap after GC invocations=137 (full 0):
 garbage-first heap   total 966656K, used 286720K [0x0000000600000000, 0x0000000800000000)
  region size 4096K, 10 young (40960K), 10 survivors (40960K)
 Metaspace       used 180339K, committed 182848K, reserved 1245184K
  class space    used 23042K, committed 24256K, reserved 1048576K
}
Event: 664.478 GC heap before
{Heap before GC invocations=137 (full 0):
 garbage-first heap   total 966656K, used 823296K [0x0000000600000000, 0x0000000800000000)
  region size 4096K, 141 young (577536K), 10 survivors (40960K)
 Metaspace       used 180341K, committed 182848K, reserved 1245184K
  class space    used 23042K, committed 24256K, reserved 1048576K
}
Event: 664.609 GC heap after
{Heap after GC invocations=138 (full 0):
 garbage-first heap   total 966656K, used 289384K [0x0000000600000000, 0x0000000800000000)
  region size 4096K, 5 young (20480K), 5 survivors (20480K)
 Metaspace       used 180341K, committed 182848K, reserved 1245184K
  class space    used 23042K, committed 24256K, reserved 1048576K
}
Event: 674.327 GC heap before
{Heap before GC invocations=138 (full 0):
 garbage-first heap   total 966656K, used 846440K [0x0000000600000000, 0x0000000800000000)
  region size 4096K, 141 young (577536K), 5 survivors (20480K)
 Metaspace       used 180371K, committed 182848K, reserved 1245184K
  class space    used 23043K, committed 24256K, reserved 1048576K
}
Event: 674.378 GC heap after
{Heap after GC invocations=139 (full 0):
 garbage-first heap   total 966656K, used 287592K [0x0000000600000000, 0x0000000800000000)
  region size 4096K, 5 young (20480K), 5 survivors (20480K)
 Metaspace       used 180371K, committed 182848K, reserved 1245184K
  class space    used 23043K, committed 24256K, reserved 1048576K
}
Event: 1097.206 GC heap before
{Heap before GC invocations=139 (full 0):
 garbage-first heap   total 966656K, used 844648K [0x0000000600000000, 0x0000000800000000)
  region size 4096K, 141 young (577536K), 5 survivors (20480K)
 Metaspace       used 182076K, committed 184640K, reserved 1245184K
  class space    used 23276K, committed 24512K, reserved 1048576K
}
Event: 1097.305 GC heap after
{Heap after GC invocations=140 (full 0):
 garbage-first heap   total 966656K, used 299624K [0x0000000600000000, 0x0000000800000000)
  region size 4096K, 8 young (32768K), 8 survivors (32768K)
 Metaspace       used 182076K, committed 184640K, reserved 1245184K
  class space    used 23276K, committed 24512K, reserved 1048576K
}
Event: 3025.932 GC heap before
{Heap before GC invocations=140 (full 0):
 garbage-first heap   total 966656K, used 844392K [0x0000000600000000, 0x0000000800000000)
  region size 4096K, 141 young (577536K), 8 survivors (32768K)
 Metaspace       used 182513K, committed 185088K, reserved 1245184K
  class space    used 23288K, committed 24512K, reserved 1048576K
}
Event: 3027.179 GC heap after
{Heap after GC invocations=141 (full 0):
 garbage-first heap   total 966656K, used 301672K [0x0000000600000000, 0x0000000800000000)
  region size 4096K, 8 young (32768K), 8 survivors (32768K)
 Metaspace       used 182513K, committed 185088K, reserved 1245184K
  class space    used 23288K, committed 24512K, reserved 1048576K
}
Event: 3027.776 GC heap before
{Heap before GC invocations=141 (full 0):
 garbage-first heap   total 966656K, used 313960K [0x0000000600000000, 0x0000000800000000)
  region size 4096K, 11 young (45056K), 8 survivors (32768K)
 Metaspace       used 182513K, committed 185088K, reserved 1245184K
  class space    used 23288K, committed 24512K, reserved 1048576K
}
Event: 3028.022 GC heap after
{Heap after GC invocations=142 (full 0):
 garbage-first heap   total 966656K, used 304759K [0x0000000600000000, 0x0000000800000000)
  region size 4096K, 1 young (4096K), 1 survivors (4096K)
 Metaspace       used 182513K, committed 185088K, reserved 1245184K
  class space    used 23288K, committed 24512K, reserved 1048576K
}
Event: 3037.833 GC heap before
{Heap before GC invocations=142 (full 0):
 garbage-first heap   total 966656K, used 616055K [0x0000000600000000, 0x0000000800000000)
  region size 4096K, 78 young (319488K), 1 survivors (4096K)
 Metaspace       used 182515K, committed 185088K, reserved 1245184K
  class space    used 23288K, committed 24512K, reserved 1048576K
}

Dll operation events (3 events):
Event: 0.063 Loaded shared library C:\1\jbr\bin\java.dll
Event: 0.071 Loaded shared library C:\1\jbr\bin\zip.dll
Event: 3.083 Loaded shared library C:\1\jbr\bin\verify.dll

Deoptimization events (20 events):
Event: 2997.727 Thread 0x0000028e1ae9b660 DEOPT PACKING pc=0x0000028e67b16b0c sp=0x000000ab3c8f69f0
Event: 2997.727 Thread 0x0000028e1ae9b660 DEOPT UNPACKING pc=0x0000028e66dc439c sp=0x000000ab3c8f6978 mode 2
Event: 2997.728 Thread 0x0000028e1ae9b660 Uncommon trap: trap_request=0xffffffde fr.pc=0x0000028e679b3df0 relative=0x0000000000000270
Event: 2997.728 Thread 0x0000028e1ae9b660 Uncommon trap: reason=class_check action=maybe_recompile pc=0x0000028e679b3df0 method=java.util.stream.Streams$ConcatSpliterator.forEachRemaining(Ljava/util/function/Consumer;)V @ 12 c2
Event: 2997.728 Thread 0x0000028e1ae9b660 DEOPT PACKING pc=0x0000028e679b3df0 sp=0x000000ab3c8f69f0
Event: 2997.728 Thread 0x0000028e1ae9b660 DEOPT UNPACKING pc=0x0000028e66dc439c sp=0x000000ab3c8f6998 mode 2
Event: 2998.138 Thread 0x0000028e1ae9b660 DEOPT PACKING pc=0x0000028e57a2b758 sp=0x000000ab3c8f4a40
Event: 2998.138 Thread 0x0000028e1ae9b660 DEOPT UNPACKING pc=0x0000028e66dc4b23 sp=0x000000ab3c8f3ee8 mode 0
Event: 3003.267 Thread 0x0000028e1ae9b660 Uncommon trap: trap_request=0xffffffde fr.pc=0x0000028e680058fc relative=0x000000000000033c
Event: 3003.268 Thread 0x0000028e1ae9b660 Uncommon trap: reason=class_check action=maybe_recompile pc=0x0000028e680058fc method=kotlin.text.StringsKt__StringsKt.indexOf(Ljava/lang/CharSequence;Ljava/lang/String;IZ)I @ 18 c2
Event: 3003.268 Thread 0x0000028e1ae9b660 DEOPT PACKING pc=0x0000028e680058fc sp=0x000000ab3c8f6d10
Event: 3003.268 Thread 0x0000028e1ae9b660 DEOPT UNPACKING pc=0x0000028e66dc439c sp=0x000000ab3c8f6cc0 mode 2
Event: 3008.123 Thread 0x0000028e1c6ac680 Uncommon trap: trap_request=0xffffffc6 fr.pc=0x0000028e678751d4 relative=0x0000000000000134
Event: 3008.123 Thread 0x0000028e1c6ac680 Uncommon trap: reason=bimorphic_or_optimized_type_check action=maybe_recompile pc=0x0000028e678751d4 method=com.google.common.collect.RegularImmutableMap.checkNoConflictInKeyBucket(Ljava/lang/Object;Ljava/lang/Object;Lcom/google/common/collect/ImmutableMa
Event: 3008.123 Thread 0x0000028e1c6ac680 DEOPT PACKING pc=0x0000028e678751d4 sp=0x000000ab3dafbfa0
Event: 3008.123 Thread 0x0000028e1c6ac680 DEOPT UNPACKING pc=0x0000028e66dc439c sp=0x000000ab3dafbf48 mode 2
Event: 3010.189 Thread 0x0000028e1ae9b660 Uncommon trap: trap_request=0xffffff45 fr.pc=0x0000028e68a9c9f8 relative=0x0000000000000b38
Event: 3010.189 Thread 0x0000028e1ae9b660 Uncommon trap: reason=unstable_if action=reinterpret pc=0x0000028e68a9c9f8 method=java.util.concurrent.ConcurrentLinkedQueue.poll()Ljava/lang/Object; @ 24 c2
Event: 3010.190 Thread 0x0000028e1ae9b660 DEOPT PACKING pc=0x0000028e68a9c9f8 sp=0x000000ab3c8f7470
Event: 3010.190 Thread 0x0000028e1ae9b660 DEOPT UNPACKING pc=0x0000028e66dc439c sp=0x000000ab3c8f73b8 mode 2

Classes loaded (20 events):
Event: 719.424 Loading class java/lang/StackStreamFactory$StackFrameTraverser$StackFrameBuffer
Event: 719.425 Loading class java/lang/StackStreamFactory$FrameBuffer
Event: 719.425 Loading class java/lang/StackStreamFactory$FrameBuffer done
Event: 719.425 Loading class java/lang/StackStreamFactory$StackFrameTraverser$StackFrameBuffer done
Event: 719.426 Loading class java/util/stream/SliceOps
Event: 719.428 Loading class java/util/stream/SliceOps done
Event: 719.428 Loading class java/util/stream/SliceOps$1
Event: 719.429 Loading class java/util/stream/SliceOps$1 done
Event: 719.436 Loading class java/util/stream/SliceOps$1$1
Event: 719.437 Loading class java/util/stream/SliceOps$1$1 done
Event: 719.438 Loading class java/util/logging/LogRecord
Event: 719.441 Loading class java/util/logging/LogRecord done
Event: 1079.685 Loading class jdk/internal/math/FormattedFPDecimal
Event: 1079.690 Loading class jdk/internal/math/FormattedFPDecimal done
Event: 1102.239 Loading class java/io/PrintWriter$1
Event: 1102.241 Loading class jdk/internal/access/JavaIOPrintWriterAccess
Event: 1102.242 Loading class jdk/internal/access/JavaIOPrintWriterAccess done
Event: 1102.242 Loading class java/io/PrintWriter$1 done
Event: 1102.242 Loading class java/lang/Throwable$WrappedPrintWriter
Event: 1102.244 Loading class java/lang/Throwable$WrappedPrintWriter done

Classes unloaded (0 events):
No events

Classes redefined (0 events):
No events

Internal exceptions (20 events):
Event: 3037.557 Thread 0x0000028e1174f660 Exception <a 'sun/nio/fs/WindowsException'{0x000000062784b2f0}> (0x000000062784b2f0) 
thrown [s\src\hotspot\share\prims\jni.cpp, line 537]
Event: 3037.557 Thread 0x0000028e1174f660 Exception <a 'sun/nio/fs/WindowsException'{0x000000062784c1a8}> (0x000000062784c1a8) 
thrown [s\src\hotspot\share\prims\jni.cpp, line 537]
Event: 3037.557 Thread 0x0000028e1174f660 Exception <a 'sun/nio/fs/WindowsException'{0x000000062784d290}> (0x000000062784d290) 
thrown [s\src\hotspot\share\prims\jni.cpp, line 537]
Event: 3037.558 Thread 0x0000028e1174f660 Exception <a 'sun/nio/fs/WindowsException'{0x00000006278f6f60}> (0x00000006278f6f60) 
thrown [s\src\hotspot\share\prims\jni.cpp, line 537]
Event: 3037.571 Thread 0x0000028e1ae9b660 Exception <a 'sun/nio/fs/WindowsException'{0x00000006278e40c0}> (0x00000006278e40c0) 
thrown [s\src\hotspot\share\prims\jni.cpp, line 537]
Event: 3037.581 Thread 0x0000028e1174f660 Exception <a 'sun/nio/fs/WindowsException'{0x00000006279180b0}> (0x00000006279180b0) 
thrown [s\src\hotspot\share\prims\jni.cpp, line 537]
Event: 3037.770 Thread 0x0000028e1174f660 Exception <a 'sun/nio/fs/WindowsException'{0x00000006279a5000}> (0x00000006279a5000) 
thrown [s\src\hotspot\share\prims\jni.cpp, line 537]
Event: 3037.770 Thread 0x0000028e1174f660 Exception <a 'sun/nio/fs/WindowsException'{0x00000006279a5eb8}> (0x00000006279a5eb8) 
thrown [s\src\hotspot\share\prims\jni.cpp, line 537]
Event: 3037.770 Thread 0x0000028e1174f660 Exception <a 'sun/nio/fs/WindowsException'{0x00000006279a6fa0}> (0x00000006279a6fa0) 
thrown [s\src\hotspot\share\prims\jni.cpp, line 537]
Event: 3037.771 Thread 0x0000028e1174f660 Exception <a 'sun/nio/fs/WindowsException'{0x00000006279a81c8}> (0x00000006279a81c8) 
thrown [s\src\hotspot\share\prims\jni.cpp, line 537]
Event: 3037.776 Thread 0x0000028e1ae9b660 Exception <a 'sun/nio/fs/WindowsException'{0x000000062797d2c8}> (0x000000062797d2c8) 
thrown [s\src\hotspot\share\prims\jni.cpp, line 537]
Event: 3037.776 Thread 0x0000028e1ae9b660 Exception <a 'sun/nio/fs/WindowsException'{0x000000062797f1a0}> (0x000000062797f1a0) 
thrown [s\src\hotspot\share\prims\jni.cpp, line 537]
Event: 3037.777 Thread 0x0000028e1ae9b660 Exception <a 'sun/nio/fs/WindowsException'{0x00000006279812a8}> (0x00000006279812a8) 
thrown [s\src\hotspot\share\prims\jni.cpp, line 537]
Event: 3037.778 Thread 0x0000028e1ae9b660 Exception <a 'sun/nio/fs/WindowsException'{0x00000006279834f0}> (0x00000006279834f0) 
thrown [s\src\hotspot\share\prims\jni.cpp, line 537]
Event: 3037.786 Thread 0x0000028e1174f660 Exception <a 'sun/nio/fs/WindowsException'{0x00000006279b61f0}> (0x00000006279b61f0) 
thrown [s\src\hotspot\share\prims\jni.cpp, line 537]
Event: 3037.786 Thread 0x0000028e1174f660 Exception <a 'sun/nio/fs/WindowsException'{0x00000006279b7380}> (0x00000006279b7380) 
thrown [s\src\hotspot\share\prims\jni.cpp, line 537]
Event: 3037.788 Thread 0x0000028e1174f660 Exception <a 'sun/nio/fs/WindowsException'{0x00000006279b9718}> (0x00000006279b9718) 
thrown [s\src\hotspot\share\prims\jni.cpp, line 537]
Event: 3037.828 Thread 0x0000028e1ae9b660 Exception <a 'sun/nio/fs/WindowsException'{0x00000006277bf378}> (0x00000006277bf378) 
thrown [s\src\hotspot\share\prims\jni.cpp, line 537]
Event: 3037.829 Thread 0x0000028e1ae9b660 Exception <a 'sun/nio/fs/WindowsException'{0x00000006277c1528}> (0x00000006277c1528) 
thrown [s\src\hotspot\share\prims\jni.cpp, line 537]
Event: 3037.831 Thread 0x0000028e1ae9b660 Exception <a 'sun/nio/fs/WindowsException'{0x00000006277c48a8}> (0x00000006277c48a8) 
thrown [s\src\hotspot\share\prims\jni.cpp, line 537]

ZGC Phase Switch (0 events):
No events

VM Operations (20 events):
Event: 3008.843 Executing safepoint VM operation: Cleanup done
Event: 3009.845 Executing safepoint VM operation: Cleanup
Event: 3009.856 Executing safepoint VM operation: Cleanup done
Event: 3012.619 Executing safepoint VM operation: Cleanup
Event: 3013.167 Executing safepoint VM operation: Cleanup done
Event: 3015.168 Executing safepoint VM operation: Cleanup
Event: 3015.231 Executing safepoint VM operation: Cleanup done
Event: 3025.081 Executing safepoint VM operation: Cleanup
Event: 3025.096 Executing safepoint VM operation: Cleanup done
Event: 3025.931 Executing safepoint VM operation: G1CollectForAllocation (G1 Evacuation Pause)
Event: 3027.180 Executing safepoint VM operation: G1CollectForAllocation (G1 Evacuation Pause) done
Event: 3027.702 Executing safepoint VM operation: G1CollectForAllocation (G1 Evacuation Pause)
Event: 3028.023 Executing safepoint VM operation: G1CollectForAllocation (G1 Evacuation Pause) done
Event: 3032.029 Executing safepoint VM operation: Cleanup
Event: 3032.030 Executing safepoint VM operation: Cleanup done
Event: 3036.037 Executing safepoint VM operation: Cleanup
Event: 3036.037 Executing safepoint VM operation: Cleanup done
Event: 3037.038 Executing safepoint VM operation: Cleanup
Event: 3037.038 Executing safepoint VM operation: Cleanup done
Event: 3037.833 Executing safepoint VM operation: G1CollectForAllocation (G1 Evacuation Pause)

Memory protections (0 events):
No events

Nmethod flushes (20 events):
Event: 233.094 Thread 0x0000028e7b343640 flushing  nmethod 0x0000028e58a40e10
Event: 233.094 Thread 0x0000028e7b343640 flushing  nmethod 0x0000028e58a41410
Event: 233.094 Thread 0x0000028e7b343640 flushing  nmethod 0x0000028e58aac090
Event: 233.094 Thread 0x0000028e7b343640 flushing  nmethod 0x0000028e58b06990
Event: 233.094 Thread 0x0000028e7b343640 flushing  nmethod 0x0000028e58b07410
Event: 233.094 Thread 0x0000028e7b343640 flushing  nmethod 0x0000028e58b07a90
Event: 233.094 Thread 0x0000028e7b343640 flushing  nmethod 0x0000028e58b08110
Event: 233.094 Thread 0x0000028e7b343640 flushing  nmethod 0x0000028e58b26f90
Event: 233.094 Thread 0x0000028e7b343640 flushing  nmethod 0x0000028e58b2d410
Event: 233.094 Thread 0x0000028e7b343640 flushing  nmethod 0x0000028e58b3f790
Event: 233.094 Thread 0x0000028e7b343640 flushing  nmethod 0x0000028e58b87e90
Event: 233.094 Thread 0x0000028e7b343640 flushing  nmethod 0x0000028e58b8b610
Event: 233.094 Thread 0x0000028e7b343640 flushing  nmethod 0x0000028e58bc4d10
Event: 233.094 Thread 0x0000028e7b343640 flushing  nmethod 0x0000028e58bc5390
Event: 233.094 Thread 0x0000028e7b343640 flushing  nmethod 0x0000028e58d3d610
Event: 233.094 Thread 0x0000028e7b343640 flushing  nmethod 0x0000028e58d99610
Event: 233.094 Thread 0x0000028e7b343640 flushing  nmethod 0x0000028e59002310
Event: 233.094 Thread 0x0000028e7b343640 flushing  nmethod 0x0000028e59029790
Event: 233.094 Thread 0x0000028e7b343640 flushing  nmethod 0x0000028e59050c10
Event: 233.094 Thread 0x0000028e7b343640 flushing  nmethod 0x0000028e59078090

Events (20 events):
Event: 2981.142 Thread 0x0000028e1ae9b660 Thread added: 0x0000028e1ae99c20
Event: 2981.301 Thread 0x0000028e1ae9b660 Thread added: 0x0000028e1ae9a2b0
Event: 2981.333 Thread 0x0000028e1ae9b660 Thread added: 0x0000028e1ae9bcf0
Event: 2983.771 Thread 0x0000028e1ae9b660 Thread added: 0x0000028e1c6b0820
Event: 2984.026 Thread 0x0000028e1ae9b660 Thread added: 0x0000028e1c6b2260
Event: 2986.185 Thread 0x0000028e1ae9b660 Thread added: 0x0000028e1c6ad3a0
Event: 2986.325 Thread 0x0000028e1ae9b660 Thread added: 0x0000028e1c6ab960
Event: 2986.346 Thread 0x0000028e1ae9b660 Thread added: 0x0000028e1c6b1bd0
Event: 2986.942 Thread 0x0000028e1ae9b660 Thread added: 0x0000028e1c6ada30
Event: 2993.122 Thread 0x0000028e1ae9b660 Thread added: 0x0000028e1c6b28f0
Event: 2997.402 Thread 0x0000028e1ae9b660 Thread added: 0x0000028e1c6aede0
Event: 2999.510 Thread 0x0000028e1ae9b660 Thread added: 0x0000028e1c6ae0c0
Event: 3006.158 Thread 0x0000028e1ae9b660 Thread added: 0x0000028e1c6ac680
Event: 3006.197 Thread 0x0000028e1c6ac680 Thread added: 0x0000028e1c6acd10
Event: 3006.210 Thread 0x0000028e1c6ac680 Thread added: 0x0000028e1c6b2f80
Event: 3006.983 Thread 0x0000028e1c6ac680 Thread added: 0x0000028e1c6ae750
Event: 3007.670 Thread 0x0000028e1c6ac680 Thread added: 0x0000028e1c6af470
Event: 3008.089 Thread 0x0000028e1c6ac680 Thread added: 0x0000028e1c6b0eb0
Event: 3010.089 Thread 0x0000028e1ae9b660 Thread added: 0x0000028e1c6abff0
Event: 3010.571 Thread 0x0000028e1ae9b660 Thread added: 0x0000028e1174f660


Dynamic libraries:
0x00007ff781670000 - 0x00007ff78167a000 	C:\1\jbr\bin\java.exe
0x00007ff813f30000 - 0x00007ff814148000 	C:\WINDOWS\SYSTEM32\ntdll.dll
0x00007ff813570000 - 0x00007ff813634000 	C:\WINDOWS\System32\KERNEL32.DLL
0x00007ff811390000 - 0x00007ff811763000 	C:\WINDOWS\System32\KERNELBASE.dll
0x00007ff811040000 - 0x00007ff811151000 	C:\WINDOWS\System32\ucrtbase.dll
0x00007ffffed50000 - 0x00007ffffed68000 	C:\1\jbr\bin\jli.dll
0x00007ff813200000 - 0x00007ff8133b2000 	C:\WINDOWS\System32\USER32.dll
0x00007ff811aa0000 - 0x00007ff811ac6000 	C:\WINDOWS\System32\win32u.dll
0x00007ff813850000 - 0x00007ff813879000 	C:\WINDOWS\System32\GDI32.dll
0x00007ff811950000 - 0x00007ff811a6b000 	C:\WINDOWS\System32\gdi32full.dll
0x00007ff811770000 - 0x00007ff81180a000 	C:\WINDOWS\System32\msvcp_win.dll
0x00007ffffc3e0000 - 0x00007ffffc3fb000 	C:\1\jbr\bin\VCRUNTIME140.dll
0x00007ffffe6e0000 - 0x00007ffffe97c000 	C:\WINDOWS\WinSxS\amd64_microsoft.windows.common-controls_6595b64144ccf1df_6.0.22621.6060_none_2712eda17382d24b\COMCTL32.dll
0x00007ff813890000 - 0x00007ff813937000 	C:\WINDOWS\System32\msvcrt.dll
0x00007ff813700000 - 0x00007ff813731000 	C:\WINDOWS\System32\IMM32.DLL
0x00007ff80b3d0000 - 0x00007ff80b3dc000 	C:\1\jbr\bin\vcruntime140_1.dll
0x00007fffa6b60000 - 0x00007fffa6bed000 	C:\1\jbr\bin\msvcp140.dll
0x00007fffb2f70000 - 0x00007fffb3c06000 	C:\1\jbr\bin\server\jvm.dll
0x00007ff813420000 - 0x00007ff8134d1000 	C:\WINDOWS\System32\ADVAPI32.dll
0x00007ff813640000 - 0x00007ff8136e8000 	C:\WINDOWS\System32\sechost.dll
0x00007ff811a70000 - 0x00007ff811a98000 	C:\WINDOWS\System32\bcrypt.dll
0x00007ff811bd0000 - 0x00007ff811ce8000 	C:\WINDOWS\System32\RPCRT4.dll
0x00007ff812810000 - 0x00007ff812881000 	C:\WINDOWS\System32\WS2_32.dll
0x00007ff810f10000 - 0x00007ff810f5d000 	C:\WINDOWS\SYSTEM32\POWRPROF.dll
0x00007ff80a230000 - 0x00007ff80a264000 	C:\WINDOWS\SYSTEM32\WINMM.dll
0x00007ff808e80000 - 0x00007ff808e8a000 	C:\WINDOWS\SYSTEM32\VERSION.dll
0x00007ff810ef0000 - 0x00007ff810f03000 	C:\WINDOWS\SYSTEM32\UMPDC.dll
0x00007ff810020000 - 0x00007ff810038000 	C:\WINDOWS\SYSTEM32\kernel.appcore.dll
0x00007ff80a6f0000 - 0x00007ff80a6fa000 	C:\1\jbr\bin\jimage.dll
0x00007ff80ea20000 - 0x00007ff80ec53000 	C:\WINDOWS\SYSTEM32\DBGHELP.DLL
0x00007ff812d10000 - 0x00007ff8130a1000 	C:\WINDOWS\System32\combase.dll
0x00007ff8130b0000 - 0x00007ff813188000 	C:\WINDOWS\System32\OLEAUT32.dll
0x00007fffe8810000 - 0x00007fffe8842000 	C:\WINDOWS\SYSTEM32\dbgcore.DLL
0x00007ff811b50000 - 0x00007ff811bcb000 	C:\WINDOWS\System32\bcryptPrimitives.dll
0x00007ff80da50000 - 0x00007ff80da5e000 	C:\1\jbr\bin\instrument.dll
0x00007ffffc360000 - 0x00007ffffc380000 	C:\1\jbr\bin\java.dll
0x00007ffffc340000 - 0x00007ffffc358000 	C:\1\jbr\bin\zip.dll
0x00007ff811ec0000 - 0x00007ff81275c000 	C:\WINDOWS\System32\SHELL32.dll
0x00007ff811810000 - 0x00007ff81194f000 	C:\WINDOWS\System32\wintypes.dll
0x00007ff80ef40000 - 0x00007ff80f85a000 	C:\WINDOWS\SYSTEM32\windows.storage.dll
0x00007ff813740000 - 0x00007ff813844000 	C:\WINDOWS\System32\SHCORE.dll
0x00007ff813500000 - 0x00007ff813569000 	C:\WINDOWS\System32\shlwapi.dll
0x00007ff810f70000 - 0x00007ff810f95000 	C:\WINDOWS\SYSTEM32\profapi.dll
0x00007ff806be0000 - 0x00007ff806bf0000 	C:\1\jbr\bin\net.dll
0x00007ff8083c0000 - 0x00007ff8084ec000 	C:\WINDOWS\SYSTEM32\WINHTTP.dll
0x00007ff810500000 - 0x00007ff810569000 	C:\WINDOWS\system32\mswsock.dll
0x00007ffffc0c0000 - 0x00007ffffc0d6000 	C:\1\jbr\bin\nio.dll
0x00007ff80c940000 - 0x00007ff80c950000 	C:\1\jbr\bin\verify.dll
0x00007ff80acb0000 - 0x00007ff80acd7000 	C:\Users\Zeina_qn\.gradle\native\1def1411415f61bf3af743bc5b6707747c0891f09f0c88961ee8f79bc544acac\windows-amd64\native-platform.dll
0x00007fffe5730000 - 0x00007fffe57a8000 	C:\Users\Zeina_qn\.gradle\native\0.2.7\x86_64-windows-gnu\gradle-fileevents.dll
0x00007ff8069d0000 - 0x00007ff8069d9000 	C:\1\jbr\bin\management.dll
0x00007ff805240000 - 0x00007ff80524b000 	C:\1\jbr\bin\management_ext.dll
0x00007ff8136f0000 - 0x00007ff8136f8000 	C:\WINDOWS\System32\PSAPI.DLL
0x00007ff80fb00000 - 0x00007ff80fb2d000 	C:\WINDOWS\SYSTEM32\IPHLPAPI.DLL
0x00007ff8134f0000 - 0x00007ff8134f9000 	C:\WINDOWS\System32\NSI.dll
0x00007ff806b30000 - 0x00007ff806b39000 	C:\1\jbr\bin\extnet.dll
0x00007ff810760000 - 0x00007ff81077b000 	C:\WINDOWS\SYSTEM32\CRYPTSP.dll
0x00007ff80ff80000 - 0x00007ff80ffb7000 	C:\WINDOWS\system32\rsaenh.dll
0x00007ff8105f0000 - 0x00007ff810618000 	C:\WINDOWS\SYSTEM32\USERENV.dll
0x00007ff810750000 - 0x00007ff81075c000 	C:\WINDOWS\SYSTEM32\CRYPTBASE.dll
0x00007fffd68a0000 - 0x00007fffd68a8000 	C:\WINDOWS\system32\wshunix.dll
0x00007ff80fb80000 - 0x00007ff80fc78000 	C:\WINDOWS\SYSTEM32\DNSAPI.dll
0x00007ff8080b0000 - 0x00007ff8080ba000 	C:\Windows\System32\rasadhlp.dll
0x00007ff8052f0000 - 0x00007ff805374000 	C:\WINDOWS\System32\fwpuclnt.dll
0x00007fffd9e70000 - 0x00007fffd9e87000 	C:\WINDOWS\system32\napinsp.dll
0x00007fffd9e50000 - 0x00007fffd9e6b000 	C:\WINDOWS\system32\pnrpnsp.dll
0x00007fffd89b0000 - 0x00007fffd89c1000 	C:\WINDOWS\System32\winrnr.dll
0x00007fffdc740000 - 0x00007fffdc755000 	C:\WINDOWS\system32\wshbth.dll
0x00007fffd8980000 - 0x00007fffd89a1000 	C:\WINDOWS\system32\nlansp_c.dll
0x00007ff803b10000 - 0x00007ff803b17000 	C:\1\jbr\bin\rmi.dll

JVMTI agents:
C:\Users\Zeina_qn\.gradle\wrapper\dists\gradle-8.14-all\c2qonpi39x1mddn7hk5gh9iqj\gradle-8.14\lib\agents\gradle-instrumentation-agent-8.14.jar path:C:\1\jbr\bin\instrument.dll, loaded, initialized, instrumentlib options:none

dbghelp: loaded successfully - version: 4.0.5 - missing functions: none
symbol engine: initialized successfully - sym options: 0x614 - pdb path: .;C:\1\jbr\bin;C:\WINDOWS\SYSTEM32;C:\WINDOWS\WinSxS\amd64_microsoft.windows.common-controls_6595b64144ccf1df_6.0.22621.6060_none_2712eda17382d24b;C:\1\jbr\bin\server;C:\Users\Zeina_qn\.gradle\native\1def1411415f61bf3af743bc5b6707747c0891f09f0c88961ee8f79bc544acac\windows-amd64;C:\Users\Zeina_qn\.gradle\native\0.2.7\x86_64-windows-gnu

VM Arguments:
jvm_args: --add-opens=java.base/java.lang=ALL-UNNAMED --add-opens=java.base/java.lang.invoke=ALL-UNNAMED --add-opens=java.base/java.util=ALL-UNNAMED --add-opens=java.prefs/java.util.prefs=ALL-UNNAMED --add-exports=jdk.compiler/com.sun.tools.javac.api=ALL-UNNAMED --add-exports=jdk.compiler/com.sun.tools.javac.util=ALL-UNNAMED --add-opens=java.base/java.util=ALL-UNNAMED --add-opens=java.prefs/java.util.prefs=ALL-UNNAMED --add-opens=java.base/java.nio.charset=ALL-UNNAMED --add-opens=java.base/java.net=ALL-UNNAMED --add-opens=java.base/java.util.concurrent.atomic=ALL-UNNAMED --add-opens=java.xml/javax.xml.namespace=ALL-UNNAMED -XX:MaxMetaspaceSize=4G -XX:ReservedCodeCacheSize=512m -XX:+HeapDumpOnOutOfMemoryError -Xmx8G -Dfile.encoding=UTF-8 -Duser.country=ID -Duser.language=en -Duser.variant -javaagent:C:\Users\Zeina_qn\.gradle\wrapper\dists\gradle-8.14-all\c2qonpi39x1mddn7hk5gh9iqj\gradle-8.14\lib\agents\gradle-instrumentation-agent-8.14.jar 
java_command: org.gradle.launcher.daemon.bootstrap.GradleDaemon 8.14
java_class_path (initial): C:\Users\Zeina_qn\.gradle\wrapper\dists\gradle-8.14-all\c2qonpi39x1mddn7hk5gh9iqj\gradle-8.14\lib\gradle-daemon-main-8.14.jar
Launcher Type: SUN_STANDARD

[Global flags]
     intx CICompilerCount                          = 2                                         {product} {ergonomic}
     uint ConcGCThreads                            = 1                                         {product} {ergonomic}
     uint G1ConcRefinementThreads                  = 2                                         {product} {ergonomic}
   size_t G1HeapRegionSize                         = 4194304                                   {product} {ergonomic}
    uintx GCDrainStackTargetSize                   = 64                                        {product} {ergonomic}
     bool HeapDumpOnOutOfMemoryError               = true                                   {manageable} {command line}
   size_t InitialHeapSize                          = 134217728                                 {product} {ergonomic}
   size_t MarkStackSize                            = 4194304                                   {product} {ergonomic}
   size_t MaxHeapSize                              = 8589934592                                {product} {command line}
   size_t MaxMetaspaceSize                         = 4294967296                                {product} {command line}
   size_t MaxNewSize                               = 5150605312                                {product} {ergonomic}
   size_t MinHeapDeltaBytes                        = 4194304                                   {product} {ergonomic}
   size_t MinHeapSize                              = 8388608                                   {product} {ergonomic}
    uintx NonNMethodCodeHeapSize                   = 5826188                                {pd product} {ergonomic}
    uintx NonProfiledCodeHeapSize                  = 265522362                              {pd product} {ergonomic}
    uintx ProfiledCodeHeapSize                     = 265522362                              {pd product} {ergonomic}
    uintx ReservedCodeCacheSize                    = 536870912                              {pd product} {command line}
     bool SegmentedCodeCache                       = true                                      {product} {ergonomic}
   size_t SoftMaxHeapSize                          = 8589934592                             {manageable} {ergonomic}
     bool UseCompressedOops                        = true                           {product lp64_product} {ergonomic}
     bool UseG1GC                                  = true                                      {product} {ergonomic}
     bool UseLargePagesIndividualAllocation        = false                                  {pd product} {ergonomic}

Logging:
Log output configuration:
 #0: stdout all=warning uptime,level,tags foldmultilines=false
 #1: stderr all=off uptime,level,tags foldmultilines=false

Release file:
JAVA_VERSION="21.0.10" 
MODULES="java.base java.compiler java.datatransfer java.xml java.prefs java.desktop java.instrument java.logging java.management java.security.sasl java.naming java.rmi java.management.rmi java.net.http java.scripting java.security.jgss java.transaction.xa java.sql java.sql.rowset java.xml.crypto java.se java.smartcardio jdk.accessibility jdk.internal.jvmstat jdk.attach jdk.charsets jdk.internal.opt jdk.zipfs jdk.compiler jdk.crypto.ec jdk.crypto.cryptoki jdk.dynalink jdk.hotspot.agent jdk.httpserver jdk.internal.ed jdk.internal.le jdk.internal.vm.ci jdk.jartool jdk.javadoc jdk.jcmd jdk.jdeps jdk.jdwp.agent jdk.jdi jdk.jfr jdk.jlink jdk.jsobject jdk.localedata jdk.management jdk.management.agent jdk.management.jfr jdk.naming.dns jdk.naming.rmi jdk.net jdk.sctp jdk.security.auth jdk.security.jgss jdk.unsupported jdk.unsupported.desktop jdk.xml.dom" 
IMPLEMENTOR="JetBrains s.r.o." 
JAVA_RUNTIME_VERSION="21.0.10+-14961533-b1163.108" 
LIBC="default" 
OS_ARCH="x86_64" 
OS_NAME="Windows" 
SOURCE=".:git:1351622c2ff2" 

Environment Variables:
JAVA_HOME=C:\1\jbr
CLASSPATH=D:\ppm_2026_23300144_d\pertemuan_5\android\\gradle\wrapper\gradle-wrapper.jar
PATH=C:\1\jbr\bin;C:\WINDOWS\system32;C:\WINDOWS;C:\WINDOWS\System32\Wbem;C:\WINDOWS\System32\WindowsPowerShell\v1.0\;C:\WINDOWS\System32\OpenSSH\;C:\Program Files (x86)\Microsoft SQL Server\160\Tools\Binn\;C:\Program Files\Microsoft SQL Server\160\Tools\Binn\;C:\Program Files\Microsoft SQL Server\Client SDK\ODBC\170\Tools\Binn\;C:\Program Files\Microsoft SQL Server\160\DTS\Binn\;C:\Program Files\PuTTY\;C:\Users\Zeina_qn\.config\herd\bin\nvm;C:\Program Files\nodejs;C:\Program Files\Git\cmd;C:\Program Files\nodejs\;C:\Users\Zeina_qn\AppData\Local\Microsoft\WindowsApps;C:\Users\Zeina_qn\AppData\Local\Programs\Microsoft VS Code\bin;C:\Users\Zeina_qn\AppData\Roaming\npm;C:\Program Files\nodejs;;C:\Users\Zeina_qn\develop\flutter\bin\mingit\cmd
USERNAME=Zeina_qn
OS=Windows_NT
PROCESSOR_IDENTIFIER=Intel64 Family 6 Model 122 Stepping 8, GenuineIntel
TMP=C:\Users\Zeina_qn\AppData\Local\Temp
TEMP=C:\Users\Zeina_qn\AppData\Local\Temp




Periodic native trim disabled

JNI global refs:
JNI global refs: 26, weak refs: 0

JNI global refs memory usage: 835, weak refs: 833

Process memory usage:
Resident Set Size: 755084K (9% of 8190540K total physical memory with 349212K free physical memory)

OOME stack traces (most recent first):
Classloader memory used:
Loader org.gradle.internal.classloader.VisitableURLClassLoader                         : 114M
Loader bootstrap                                                                       : 37214K
Loader org.gradle.initialization.MixInLegacyTypesClassLoader                           : 13596K
Loader org.gradle.internal.classloader.VisitableURLClassLoader$InstrumentingVisitableURLClassLoader: 7766K
Loader java.net.URLClassLoader                                                         : 5180K
Loader jdk.internal.loader.ClassLoaders$PlatformClassLoader                            : 813K
Loader jdk.internal.reflect.DelegatingClassLoader                                      : 375K
Loader jdk.internal.jrtfs.JrtFileSystemProvider$JrtFsLoader                            : 342K
Loader jdk.internal.loader.ClassLoaders$AppClassLoader                                 : 236K
Loader org.gradle.internal.classloader.VisitableURLClassLoader                         : 95408B
Loader sun.reflect.misc.MethodUtil                                                     : 2984B

Classes loaded by more than one classloader:
Class Program                                                                         : loaded 4 times (x 72B)
Class org.jetbrains.kotlin.name.FqNameUnsafe                                          : loaded 3 times (x 72B)
Class org.jetbrains.kotlin.name.FqName                                                : loaded 3 times (x 72B)
Class org.jetbrains.kotlin.name.Name                                                  : loaded 3 times (x 75B)
Class org.jetbrains.kotlin.name.ClassId$Companion                                     : loaded 3 times (x 71B)
Class org.jetbrains.kotlin.name.ClassId                                               : loaded 3 times (x 72B)
Class org.jetbrains.kotlin.utils.CollectionsKt                                        : loaded 3 times (x 71B)
Class org.jetbrains.kotlin.name.FqNameUnsafe$1                                        : loaded 3 times (x 74B)
Class org.jetbrains.kotlin.metadata.ProtoBuf$ContractOrBuilder                        : loaded 2 times (x 70B)
Class org.jetbrains.org.objectweb.asm.TypeReference                                   : loaded 2 times (x 80B)
Class org.jetbrains.kotlin.load.kotlin.FileBasedKotlinClass$OuterAndInnerName         : loaded 2 times (x 72B)
Class kotlin.io.FilesKt__FileTreeWalkKt                                               : loaded 2 times (x 71B)
Class kotlin.sequences.FilteringSequence$iterator$1                                   : loaded 2 times (x 79B)
Class kotlin.sequences.SequencesKt__SequenceBuilderKt                                 : loaded 2 times (x 71B)
Class kotlin.collections.CollectionsKt__ReversedViewsKt                               : loaded 2 times (x 71B)
Class jdk.internal.jimage.BasicImageReader                                            : loaded 2 times (x 95B)
Class org.gradle.internal.classloader.ClassLoaderHierarchy                            : loaded 2 times (x 70B)
Class [Lorg.jetbrains.kotlin.metadata.ProtoBuf$Modality;                              : loaded 2 times (x 69B)
Class org.jetbrains.org.objectweb.asm.tree.Util                                       : loaded 2 times (x 71B)
Class org.gradle.api.internal.classpath.ManifestUtil                                  : loaded 2 times (x 71B)
Class org.jetbrains.kotlin.metadata.ProtoBuf$Effect$InvocationKind$1                  : loaded 2 times (x 74B)
Class org.jetbrains.kotlin.protobuf.GeneratedMessageLite$1                            : loaded 2 times (x 71B)
Class org.jetbrains.kotlin.metadata.ProtoBuf$FunctionOrBuilder                        : loaded 2 times (x 70B)
Class org.jetbrains.kotlin.protobuf.GeneratedMessageLite$ExtendableMessageOrBuilder   : loaded 2 times (x 70B)
Class org.jetbrains.kotlin.protobuf.ByteString$Output                                 : loaded 2 times (x 86B)
Class org.jetbrains.org.objectweb.asm.tree.FieldInsnNode                              : loaded 2 times (x 79B)
Class org.jetbrains.kotlin.config.ExplicitApiMode$Companion                           : loaded 2 times (x 71B)
Class jdk.internal.jimage.decompressor.StringSharingDecompressorFactory               : loaded 2 times (x 74B)
Class org.jetbrains.kotlin.metadata.ProtoBuf$Effect$EffectType                        : loaded 2 times (x 82B)
Class [Lorg.jetbrains.kotlin.metadata.ProtoBuf$Visibility;                            : loaded 2 times (x 69B)
Class org.gradle.internal.classloader.DefaultClassLoaderFactory                       : loaded 2 times (x 82B)
Class org.jetbrains.kotlin.metadata.jvm.deserialization.JvmNameResolver               : loaded 2 times (x 80B)
Class org.jetbrains.org.objectweb.asm.ClassVisitor                                    : loaded 2 times (x 87B)
Class kotlin.sequences.SequencesKt___SequencesKt                                      : loaded 2 times (x 71B)
Class kotlin.collections.AbstractList$Companion                                       : loaded 2 times (x 71B)
Class org.jetbrains.kotlin.config.LanguageVersionSettings                             : loaded 2 times (x 70B)
Class org.gradle.internal.classloader.ClassLoaderVisitor                              : loaded 2 times (x 76B)
Class org.jetbrains.kotlin.metadata.deserialization.Flags$EnumLiteFlagField           : loaded 2 times (x 76B)
Class org.jetbrains.kotlin.metadata.ProtoBuf$Type$Argument$1                          : loaded 2 times (x 144B)
Class org.jetbrains.kotlin.metadata.jvm.JvmProtoBuf$StringTableTypesOrBuilder         : loaded 2 times (x 70B)
Class org.jetbrains.org.objectweb.asm.tree.FrameNode                                  : loaded 2 times (x 79B)
Class org.jetbrains.org.objectweb.asm.ClassReader                                     : loaded 2 times (x 91B)
Class org.gradle.api.internal.classpath.EffectiveClassPath                            : loaded 2 times (x 90B)
Class org.jetbrains.kotlin.metadata.ProtoBuf$EnumEntry                                : loaded 2 times (x 118B)
Class [Lorg.jetbrains.kotlin.descriptors.CallableMemberDescriptor$Kind;               : loaded 2 times (x 69B)
Class org.jetbrains.kotlin.metadata.jvm.deserialization.JvmMetadataVersion            : loaded 2 times (x 74B)
Class kotlin.text.StringsKt__AppendableKt                                             : loaded 2 times (x 71B)
Class [Lorg.jetbrains.kotlin.config.LanguageOrApiVersion;                             : loaded 2 times (x 69B)
Class org.jetbrains.kotlin.util.ModuleVisibilityHelper                                : loaded 2 times (x 70B)
Class org.jetbrains.kotlin.descriptors.DescriptorVisibilities$1                       : loaded 2 times (x 79B)
Class [Lkotlin.reflect.KCallable;                                                     : loaded 2 times (x 69B)
Class org.jetbrains.kotlin.protobuf.CodedOutputStream$ByteBufferOutputStream          : loaded 2 times (x 86B)
Class org.gradle.api.internal.DefaultClassPathProvider                                : loaded 2 times (x 76B)
Class org.jetbrains.kotlin.descriptors.DescriptorVisibilities$2                       : loaded 2 times (x 79B)
Class org.jetbrains.kotlin.metadata.ProtoBuf$Modality                                 : loaded 2 times (x 82B)
Class org.jetbrains.kotlin.metadata.jvm.JvmProtoBuf$JvmFieldSignature                 : loaded 2 times (x 108B)
Class org.jetbrains.kotlin.protobuf.ExtensionRegistryLite                             : loaded 2 times (x 74B)
Class kotlin.sequences.Sequence                                                       : loaded 2 times (x 70B)
Class kotlin.text.StringsKt__StringNumberConversionsJVMKt                             : loaded 2 times (x 71B)
Class [Lorg.gradle.api.internal.ClassPathProvider;                                    : loaded 2 times (x 69B)
Class org.gradle.api.internal.ClassPathProvider                                       : loaded 2 times (x 70B)
Class org.jetbrains.kotlin.metadata.jvm.deserialization.ClassMapperLite               : loaded 2 times (x 71B)
Class org.jetbrains.kotlin.descriptors.DescriptorVisibilities$3                       : loaded 2 times (x 79B)
Class org.jetbrains.kotlin.metadata.ProtoBuf$MemberKind                               : loaded 2 times (x 82B)
Class org.jetbrains.kotlin.metadata.jvm.deserialization.JvmNameResolverBase$Companion : loaded 2 times (x 71B)
Class org.jetbrains.kotlin.load.java.JvmAnnotationNames                               : loaded 2 times (x 71B)
Class org.jetbrains.kotlin.config.LanguageVersion$Companion                           : loaded 2 times (x 71B)
Class org.jetbrains.kotlin.cli.common.CompilerSystemProperties                        : loaded 2 times (x 80B)
Class jdk.internal.jrtfs.SystemImage                                                  : loaded 2 times (x 74B)
Class org.gradle.internal.service.UnknownServiceException                             : loaded 2 times (x 83B)
Class org.jetbrains.kotlin.descriptors.DescriptorVisibilities$4                       : loaded 2 times (x 79B)
Class [Lorg.jetbrains.kotlin.protobuf.WireFormat$JavaType;                            : loaded 2 times (x 69B)
Class org.jetbrains.org.objectweb.asm.tree.TableSwitchInsnNode                        : loaded 2 times (x 79B)
Class [Lorg.jetbrains.org.objectweb.asm.Attribute;                                    : loaded 2 times (x 69B)
Class org.jetbrains.kotlin.config.JvmDefaultMode                                      : loaded 2 times (x 79B)
Class org.jetbrains.kotlin.descriptors.DescriptorVisibilities$5                       : loaded 2 times (x 79B)
Class org.jetbrains.kotlin.metadata.jvm.JvmProtoBuf$JvmPropertySignatureOrBuilder     : loaded 2 times (x 70B)
Class org.jetbrains.kotlin.protobuf.GeneratedMessageLite$ExtendableMessage            : loaded 2 times (x 113B)
Class org.jetbrains.kotlin.cli.common.messages.CompilerMessageSeverity                : loaded 2 times (x 79B)
Class org.jetbrains.kotlin.metadata.ProtoBuf$Annotation$Argument$Value                : loaded 2 times (x 127B)
Class org.jetbrains.kotlin.descriptors.DescriptorVisibilities$6                       : loaded 2 times (x 79B)
Class org.jetbrains.kotlin.protobuf.CodedOutputStream$OutOfSpaceException             : loaded 2 times (x 82B)
Class kotlin.collections.ArraysKt___ArraysJvmKt                                       : loaded 2 times (x 71B)
Class kotlin.collections.CollectionsKt__CollectionsKt                                 : loaded 2 times (x 71B)
Class kotlin.text.StringsKt__RegexExtensionsJVMKt                                     : loaded 2 times (x 71B)
Class org.jetbrains.kotlin.descriptors.DescriptorVisibilities$7                       : loaded 2 times (x 79B)
Class kotlin._Assertions                                                              : loaded 2 times (x 71B)
Class [Lorg.jetbrains.kotlin.config.LanguageFeature;                                  : loaded 2 times (x 69B)
Class org.gradle.internal.classpath.TransformedClassPath                              : loaded 2 times (x 96B)
Class org.gradle.internal.classloader.InstrumentingClassLoader                        : loaded 2 times (x 70B)
Class org.jetbrains.kotlin.descriptors.DescriptorVisibilities$8                       : loaded 2 times (x 79B)
Class kotlin.jvm.internal.FunctionReference                                           : loaded 2 times (x 122B)
Class org.jetbrains.kotlin.metadata.ProtoBuf$MemberKind$1                             : loaded 2 times (x 74B)
Class org.jetbrains.kotlin.metadata.jvm.JvmProtoBuf$StringTableTypes$RecordOrBuilder  : loaded 2 times (x 70B)
Class kotlin.jvm.internal.FunctionBase                                                : loaded 2 times (x 70B)
Class [Lorg.jetbrains.org.objectweb.asm.SymbolTable$Entry;                            : loaded 2 times (x 69B)
Class org.jetbrains.kotlin.resolve.jvm.JvmClassName                                   : loaded 2 times (x 76B)
Class kotlin.enums.EnumEntriesList                                                    : loaded 2 times (x 223B)
Class jdk.internal.jrtfs.SystemImage$1                                                : loaded 2 times (x 78B)
Class org.jetbrains.kotlin.protobuf.GeneratedMessageLite$ExtendableBuilder            : loaded 2 times (x 138B)
Class org.jetbrains.kotlin.descriptors.DescriptorVisibilities$9                       : loaded 2 times (x 79B)
Class org.jetbrains.kotlin.metadata.jvm.JvmProtoBuf$StringTableTypes                  : loaded 2 times (x 110B)
Class kotlin.comparisons.ComparisonsKt___ComparisonsJvmKt                             : loaded 2 times (x 71B)
Class kotlin.collections.CollectionsKt__IteratorsJVMKt                                : loaded 2 times (x 71B)
Class org.jetbrains.kotlin.config.LanguageFeature                                     : loaded 2 times (x 80B)
Class jdk.internal.jrtfs.SystemImage$2                                                : loaded 2 times (x 76B)
Class kotlin.jvm.internal.CollectionToArray                                           : loaded 2 times (x 71B)
Class org.jetbrains.kotlin.metadata.jvm.JvmProtoBuf$StringTableTypes$1                : loaded 2 times (x 144B)
Class org.jetbrains.kotlin.metadata.ProtoBuf$PropertyOrBuilder                        : loaded 2 times (x 70B)
Class org.jetbrains.kotlin.metadata.ProtoBuf$Constructor$1                            : loaded 2 times (x 144B)
Class org.jetbrains.org.objectweb.asm.tree.LabelNode                                  : loaded 2 times (x 80B)
Class org.jetbrains.kotlin.build.report.metrics.GradleBuildTime                       : loaded 2 times (x 86B)
Class org.jetbrains.kotlin.config.LanguageOrApiVersion                                : loaded 2 times (x 70B)
Class org.gradle.internal.service.ServiceLocator                                      : loaded 2 times (x 70B)
Class kotlin.Pair                                                                     : loaded 2 times (x 72B)
Class org.jetbrains.kotlin.load.kotlin.header.ReadKotlinClassHeaderAnnotationVisitor$CollectStringArrayAnnotationVisitor: loaded 2 times (x 85B)
Class [Lkotlin.Function;                                                              : loaded 2 times (x 69B)
Class jdk.internal.jrtfs.JrtFileSystemProvider                                        : loaded 2 times (x 101B)
Class [Lorg.jetbrains.org.objectweb.asm.tree.AbstractInsnNode;                        : loaded 2 times (x 69B)
Class kotlin.io.CloseableKt                                                           : loaded 2 times (x 71B)
Class kotlin.collections.CollectionsKt___CollectionsKt$withIndex$1                    : loaded 2 times (x 79B)
Class kotlin.collections.CollectionsKt__MutableCollectionsKt                          : loaded 2 times (x 71B)
Class org.jetbrains.kotlin.metadata.deserialization.ProtoBufUtilKt                    : loaded 2 times (x 71B)
Class kotlin.reflect.KCallable                                                        : loaded 2 times (x 70B)
Class kotlin.io.TerminateException                                                    : loaded 2 times (x 82B)
Class kotlin.io.FilesKt__FilePathComponentsKt                                         : loaded 2 times (x 71B)
Class org.jetbrains.kotlin.config.MavenComparableVersion$IntegerItem                  : loaded 2 times (x 80B)
Class org.jetbrains.kotlin.protobuf.AbstractMessageLite$Builder                       : loaded 2 times (x 122B)
Class org.jetbrains.kotlin.protobuf.Internal$EnumLiteMap                              : loaded 2 times (x 70B)
Class org.jetbrains.kotlin.protobuf.GeneratedMessageLite                              : loaded 2 times (x 101B)
Class org.jetbrains.org.objectweb.asm.tree.InsnList                                   : loaded 2 times (x 103B)
Class org.jetbrains.kotlin.cli.common.messages.MessageCollector$Companion             : loaded 2 times (x 71B)
Class org.jetbrains.kotlin.descriptors.Visibilities$Unknown                           : loaded 2 times (x 79B)
Class org.jetbrains.kotlin.descriptors.Visibilities$Inherited                         : loaded 2 times (x 79B)
Class org.jetbrains.kotlin.protobuf.Parser                                            : loaded 2 times (x 70B)
Class org.jetbrains.org.objectweb.asm.tree.MethodInsnNode                             : loaded 2 times (x 79B)
Class org.jetbrains.org.objectweb.asm.tree.MethodNode                                 : loaded 2 times (x 109B)
Class org.jetbrains.kotlin.load.kotlin.KotlinJvmBinaryClass                           : loaded 2 times (x 70B)
Class [Lorg.jetbrains.kotlin.build.report.metrics.BuildTime;                          : loaded 2 times (x 69B)
Class [Lorg.jetbrains.kotlin.config.LanguageFeature$Kind;                             : loaded 2 times (x 69B)
Class org.jetbrains.kotlin.config.LanguageFeature$Kind                                : loaded 2 times (x 79B)
Class jdk.internal.jimage.ImageLocation                                               : loaded 2 times (x 90B)
Class jdk.internal.jrtfs.JrtDirectoryStream$1                                         : loaded 2 times (x 83B)
Class [Lorg.jetbrains.kotlin.metadata.ProtoBuf$VersionRequirement$Level;              : loaded 2 times (x 69B)
Class org.jetbrains.kotlin.protobuf.WireFormat$JavaType                               : loaded 2 times (x 79B)
Class org.jetbrains.org.objectweb.asm.ClassTooLargeException                          : loaded 2 times (x 83B)
Class org.jetbrains.kotlin.metadata.jvm.deserialization.JvmMemberSignature$Method     : loaded 2 times (x 75B)
Class org.jetbrains.kotlin.config.MavenComparableVersion                              : loaded 2 times (x 78B)
Class org.gradle.internal.InternalTransformer                                         : loaded 2 times (x 70B)
Class org.jetbrains.kotlin.descriptors.Visibilities$PrivateToThis                     : loaded 2 times (x 79B)
Class org.jetbrains.kotlin.protobuf.SmallSortedMap$1                                  : loaded 2 times (x 130B)
Class org.jetbrains.org.objectweb.asm.tree.IntInsnNode                                : loaded 2 times (x 78B)
Class kotlin.collections.EmptyList                                                    : loaded 2 times (x 174B)
Class kotlin.collections.MapsKt__MapsJVMKt                                            : loaded 2 times (x 71B)
Class jdk.internal.jimage.ImageBufferCache$1                                          : loaded 2 times (x 83B)
Class org.gradle.internal.classloader.ClasspathUtil$1                                 : loaded 2 times (x 76B)
Class org.jetbrains.kotlin.metadata.ProtoBuf$Effect$EffectType$1                      : loaded 2 times (x 74B)
Class org.jetbrains.kotlin.metadata.ProtoBuf$EffectOrBuilder                          : loaded 2 times (x 70B)
Class org.jetbrains.kotlin.protobuf.BoundedByteString                                 : loaded 2 times (x 112B)
Class jdk.internal.jimage.ImageBufferCache$2                                          : loaded 2 times (x 91B)
Class org.gradle.api.internal.classpath.DefaultModuleRegistry$DefaultModule           : loaded 2 times (x 86B)
Class org.jetbrains.kotlin.metadata.ProtoBuf$Annotation$Argument$Value$1              : loaded 2 times (x 144B)
Class org.jetbrains.org.objectweb.asm.tree.TryCatchBlockNode                          : loaded 2 times (x 74B)
Class org.jetbrains.kotlin.descriptors.Visibilities$InvisibleFake                     : loaded 2 times (x 79B)
Class org.jetbrains.kotlin.protobuf.UninitializedMessageException                     : loaded 2 times (x 84B)
Class org.jetbrains.kotlin.metadata.jvm.deserialization.JvmNameResolverKt             : loaded 2 times (x 71B)
Class org.jetbrains.kotlin.metadata.ProtoBuf$TypeParameter$Variance                   : loaded 2 times (x 82B)
Class org.gradle.internal.classloader.FilteringClassLoader                            : loaded 2 times (x 105B)
Class [Lorg.jetbrains.kotlin.metadata.ProtoBuf$Effect$InvocationKind;                 : loaded 2 times (x 69B)
Class org.jetbrains.kotlin.metadata.ProtoBuf$VersionRequirement$VersionKind           : loaded 2 times (x 82B)
Class org.jetbrains.kotlin.descriptors.Named                                          : loaded 2 times (x 70B)
Class org.jetbrains.kotlin.serialization.deserialization.ProtoEnumFlagsUtilsKt        : loaded 2 times (x 71B)
Class org.jetbrains.kotlin.metadata.ProtoBuf$Visibility$1                             : loaded 2 times (x 74B)
Class kotlin.text.StringsKt__StringsKt                                                : loaded 2 times (x 71B)
Class kotlin.collections.IndexingIterable                                             : loaded 2 times (x 79B)
Class org.jetbrains.kotlin.metadata.deserialization.NameResolver                      : loaded 2 times (x 70B)
Class org.jetbrains.kotlin.protobuf.GeneratedMessageLite$ExtensionDescriptor          : loaded 2 times (x 84B)
Class org.jetbrains.kotlin.protobuf.InvalidProtocolBufferException                    : loaded 2 times (x 84B)
Class org.jetbrains.org.objectweb.asm.tree.JumpInsnNode                               : loaded 2 times (x 78B)
Class org.jetbrains.org.objectweb.asm.FieldVisitor                                    : loaded 2 times (x 76B)
Class kotlin.collections.ArraysKt__ArraysKt                                           : loaded 2 times (x 71B)
Class org.jetbrains.kotlin.protobuf.ByteString$ByteIterator                           : loaded 2 times (x 70B)
Class kotlin.collections.SetsKt__SetsJVMKt                                            : loaded 2 times (x 71B)
Class kotlin.Function                                                                 : loaded 2 times (x 70B)
Class org.gradle.api.internal.classpath.Module                                        : loaded 2 times (x 70B)
Class kotlin.internal.ProgressionUtilKt                                               : loaded 2 times (x 71B)
Class org.jetbrains.kotlin.metadata.deserialization.Flags$FlagField                   : loaded 2 times (x 73B)
Class kotlin.io.FileAlreadyExistsException                                            : loaded 2 times (x 82B)
Class org.gradle.api.internal.classpath.UnknownModuleException                        : loaded 2 times (x 82B)
Class org.jetbrains.kotlin.metadata.ProtoBuf$TypeAliasOrBuilder                       : loaded 2 times (x 70B)
Class [Lorg.jetbrains.kotlin.metadata.ProtoBuf$Class$Kind;                            : loaded 2 times (x 69B)
Class org.jetbrains.kotlin.config.ApiVersion                                          : loaded 2 times (x 86B)
Class org.jetbrains.kotlin.cli.common.arguments.K2JVMCompilerArguments$Companion      : loaded 2 times (x 71B)
Class jdk.internal.jimage.ImageHeader                                                 : loaded 2 times (x 71B)
Class kotlin.collections.IndexingIterator                                             : loaded 2 times (x 79B)
Class org.jetbrains.kotlin.protobuf.LiteralByteString                                 : loaded 2 times (x 112B)
Class org.jetbrains.kotlin.protobuf.LazyFieldLite                                     : loaded 2 times (x 82B)
Class org.jetbrains.kotlin.build.report.metrics.BuildMetricsReporter                  : loaded 2 times (x 70B)
Class [Lkotlin.reflect.KAnnotatedElement;                                             : loaded 2 times (x 69B)
Class org.jetbrains.org.objectweb.asm.FieldWriter                                     : loaded 2 times (x 77B)
Class org.jetbrains.org.objectweb.asm.tree.VarInsnNode                                : loaded 2 times (x 78B)
Class org.jetbrains.org.objectweb.asm.MethodVisitor                                   : loaded 2 times (x 104B)
Class kotlin.io.ByteStreamsKt                                                         : loaded 2 times (x 71B)
Class org.jetbrains.kotlin.cli.common.arguments.CommonToolArguments$Companion         : loaded 2 times (x 71B)
Class org.gradle.api.internal.DefaultClassPathRegistry                                : loaded 2 times (x 76B)
Class org.jetbrains.kotlin.metadata.ProtoBuf$Type$Argument$Projection$1               : loaded 2 times (x 74B)
Class org.jetbrains.kotlin.protobuf.SmallSortedMap$EmptySet$1                         : loaded 2 times (x 78B)
Class org.jetbrains.kotlin.protobuf.AbstractMessageLite$Builder$LimitedInputStream    : loaded 2 times (x 92B)
Class org.jetbrains.kotlin.load.java.JvmAbi                                           : loaded 2 times (x 71B)
Class org.jetbrains.kotlin.cli.common.messages.MessageCollector                       : loaded 2 times (x 70B)
Class [Lorg.jetbrains.kotlin.config.JvmDefaultMode;                                   : loaded 2 times (x 69B)
Class org.gradle.api.internal.ClassPathRegistry                                       : loaded 2 times (x 70B)
Class org.gradle.internal.classpath.DefaultClassPath$ImmutableUniqueList              : loaded 2 times (x 199B)
Class org.jetbrains.kotlin.descriptors.Visibilities$Protected                         : loaded 2 times (x 79B)
Class org.jetbrains.kotlin.metadata.ProtoBuf$PackageOrBuilder                         : loaded 2 times (x 70B)
Class org.jetbrains.kotlin.metadata.jvm.JvmProtoBuf$JvmPropertySignature              : loaded 2 times (x 114B)
Class org.jetbrains.kotlin.metadata.ProtoBuf$ValueParameterOrBuilder                  : loaded 2 times (x 70B)
Class org.jetbrains.kotlin.protobuf.SmallSortedMap$EmptySet$2                         : loaded 2 times (x 78B)
Class org.jetbrains.org.objectweb.asm.ByteVector                                      : loaded 2 times (x 78B)
Class kotlin.text.StringsKt__StringsJVMKt                                             : loaded 2 times (x 71B)
Class jdk.internal.jimage.decompressor.ResourceDecompressor                           : loaded 2 times (x 70B)
Class org.jetbrains.kotlin.descriptors.DeclarationDescriptor                          : loaded 2 times (x 70B)
Class org.jetbrains.kotlin.descriptors.DescriptorVisibilities                         : loaded 2 times (x 71B)
Class org.jetbrains.kotlin.load.kotlin.KotlinJvmBinaryClass$AnnotationArrayArgumentVisitor: loaded 2 times (x 70B)
Class [Lorg.jetbrains.org.objectweb.asm.AnnotationWriter;                             : loaded 2 times (x 69B)
Class org.jetbrains.org.objectweb.asm.tree.LookupSwitchInsnNode                       : loaded 2 times (x 78B)
Class kotlin.collections.SetsKt                                                       : loaded 2 times (x 71B)
Class kotlin.text.StringsKt__IndentKt                                                 : loaded 2 times (x 71B)
Class kotlin.NotImplementedError                                                      : loaded 2 times (x 82B)
Class org.jetbrains.kotlin.cli.common.messages.CompilerMessageSourceLocation          : loaded 2 times (x 70B)
Class org.jetbrains.kotlin.config.JvmDefaultMode$Companion                            : loaded 2 times (x 71B)
Class Settings_gradle$1                                                               : loaded 2 times (x 74B)
Class org.gradle.internal.classpath.ClassPath                                         : loaded 2 times (x 70B)
Class org.gradle.api.UncheckedIOException                                             : loaded 2 times (x 82B)
Class kotlin.reflect.KFunction                                                        : loaded 2 times (x 70B)
Class org.jetbrains.kotlin.metadata.deserialization.TypeTable                         : loaded 2 times (x 72B)
Class org.jetbrains.kotlin.load.kotlin.FileBasedKotlinClass$1                         : loaded 2 times (x 87B)
Class org.jetbrains.kotlin.metadata.ProtoBuf$Type$ArgumentOrBuilder                   : loaded 2 times (x 70B)
Class kotlin.jvm.internal.Lambda                                                      : loaded 2 times (x 75B)
Class org.jetbrains.kotlin.protobuf.GeneratedMessageLite$GeneratedExtension           : loaded 2 times (x 79B)
Class org.jetbrains.kotlin.load.kotlin.FileBasedKotlinClass$2                         : loaded 2 times (x 87B)
Class kotlin.collections.MapsKt__MapsKt                                               : loaded 2 times (x 71B)
Class org.jetbrains.kotlin.cli.common.arguments.Freezable                             : loaded 2 times (x 72B)
Class org.jetbrains.kotlin.metadata.ProtoBuf$Class                                    : loaded 2 times (x 180B)
Class org.jetbrains.kotlin.metadata.ProtoBuf$Property$1                               : loaded 2 times (x 144B)
Class org.jetbrains.kotlin.metadata.ProtoBuf$Type                                     : loaded 2 times (x 145B)
Class org.jetbrains.org.objectweb.asm.ClassWriter                                     : loaded 2 times (x 104B)
Class org.jetbrains.kotlin.load.kotlin.FileBasedKotlinClass$3                         : loaded 2 times (x 77B)
Class jdk.internal.jimage.ImageStringsReader                                          : loaded 2 times (x 80B)
Class org.jetbrains.kotlin.load.kotlin.FileBasedKotlinClass$4                         : loaded 2 times (x 87B)
Class kotlin.UninitializedPropertyAccessException                                     : loaded 2 times (x 82B)
Class org.jetbrains.kotlin.metadata.ProtoBuf$Annotation$Argument                      : loaded 2 times (x 108B)
Class org.jetbrains.org.objectweb.asm.tree.LocalVariableNode                          : loaded 2 times (x 73B)
Class org.jetbrains.kotlin.metadata.ProtoBuf$Class$Kind                               : loaded 2 times (x 82B)
Class org.jetbrains.kotlin.protobuf.GeneratedMessageLite$Builder                      : loaded 2 times (x 128B)
Class org.jetbrains.kotlin.protobuf.WireFormat$FieldType$1                            : loaded 2 times (x 83B)
Class org.jetbrains.kotlin.metadata.jvm.JvmProtoBuf$JvmMethodSignatureOrBuilder       : loaded 2 times (x 70B)
Class org.jetbrains.kotlin.protobuf.ByteString                                        : loaded 2 times (x 108B)
Class [Lorg.jetbrains.kotlin.cli.common.messages.CompilerMessageSeverity;             : loaded 2 times (x 69B)
Class jdk.internal.jimage.ImageReader                                                 : loaded 2 times (x 75B)
Class org.jetbrains.kotlin.metadata.ProtoBuf$TypeParameter                            : loaded 2 times (x 130B)
Class org.jetbrains.kotlin.metadata.ProtoBuf$ValueParameter$1                         : loaded 2 times (x 144B)
Class [Lorg.jetbrains.kotlin.protobuf.WireFormat$FieldType;                           : loaded 2 times (x 69B)
Class org.jetbrains.kotlin.protobuf.WireFormat$FieldType$2                            : loaded 2 times (x 83B)
Class [Lorg.jetbrains.kotlin.config.LanguageFeature$State;                            : loaded 2 times (x 69B)
Class org.jetbrains.kotlin.utils.DescriptionAware                                     : loaded 2 times (x 70B)
Class jdk.internal.jimage.ImageReader$SharedImageReader                               : loaded 2 times (x 95B)
Class org.gradle.internal.installation.GradleInstallation$1                           : loaded 2 times (x 75B)
Class org.gradle.api.internal.classpath.ModuleRegistry                                : loaded 2 times (x 70B)
Class org.jetbrains.kotlin.protobuf.WireFormat$FieldType$3                            : loaded 2 times (x 83B)
Class org.jetbrains.org.objectweb.asm.AnnotationVisitor                               : loaded 2 times (x 77B)
Class jdk.internal.jimage.decompressor.ResourceDecompressorFactory                    : loaded 2 times (x 74B)
Class [Lorg.jetbrains.kotlin.metadata.ProtoBuf$Annotation$Argument$Value$Type;        : loaded 2 times (x 69B)
Class org.jetbrains.kotlin.metadata.ProtoBuf$VersionRequirement$Level                 : loaded 2 times (x 82B)
Class org.jetbrains.kotlin.metadata.ProtoBuf$VersionRequirementOrBuilder              : loaded 2 times (x 70B)
Class org.jetbrains.kotlin.descriptors.Visibilities$Internal                          : loaded 2 times (x 79B)
Class org.jetbrains.kotlin.metadata.ProtoBuf$Contract$1                               : loaded 2 times (x 144B)
Class org.jetbrains.kotlin.metadata.ProtoBuf$Type$1                                   : loaded 2 times (x 144B)
Class org.jetbrains.kotlin.protobuf.WireFormat$FieldType$4                            : loaded 2 times (x 83B)
Class org.jetbrains.kotlin.metadata.jvm.JvmProtoBuf$JvmMethodSignature$1              : loaded 2 times (x 144B)
Class org.jetbrains.kotlin.load.kotlin.FileBasedKotlinClass$3$1                       : loaded 2 times (x 77B)
Class [Lorg.jetbrains.org.objectweb.asm.Type;                                         : loaded 2 times (x 69B)
Class org.jetbrains.kotlin.descriptors.SourceElement                                  : loaded 2 times (x 70B)
Class org.jetbrains.kotlin.metadata.ProtoBuf$Expression                               : loaded 2 times (x 120B)
Class kotlin.io.FilesKt__UtilsKt                                                      : loaded 2 times (x 71B)
Class kotlin.collections.CollectionsKt__CollectionsJVMKt                              : loaded 2 times (x 71B)
Class org.jetbrains.kotlin.config.AnalysisFlag                                        : loaded 2 times (x 72B)
Class jdk.internal.jimage.ImageReader$Node                                            : loaded 2 times (x 84B)
Class org.gradle.api.internal.classpath.DefaultModuleRegistry                         : loaded 2 times (x 86B)
Class org.jetbrains.kotlin.metadata.ProtoBuf$Annotation$Argument$1                    : loaded 2 times (x 144B)
Class org.jetbrains.kotlin.metadata.deserialization.Flags$BooleanFlagField            : loaded 2 times (x 76B)
Class kotlin.collections.IndexedValue                                                 : loaded 2 times (x 72B)
Class org.jetbrains.kotlin.metadata.ProtoBuf$Function$1                               : loaded 2 times (x 144B)
Class org.jetbrains.kotlin.metadata.jvm.deserialization.JvmProtoBufUtil               : loaded 2 times (x 71B)
Class org.jetbrains.org.objectweb.asm.AnnotationWriter                                : loaded 2 times (x 78B)
Class org.jetbrains.kotlin.load.kotlin.KotlinJvmBinaryClass$AnnotationVisitor         : loaded 2 times (x 70B)
Class kotlin.sequences.SequencesKt                                                    : loaded 2 times (x 71B)
Class kotlin.collections.CollectionsKt__IteratorsKt                                   : loaded 2 times (x 71B)
Class org.jetbrains.kotlin.build.report.metrics.GradleBuildTime$Companion             : loaded 2 times (x 71B)
Class jdk.internal.jimage.BasicImageReader$1                                          : loaded 2 times (x 77B)
Class kotlin.text.StringsKt                                                           : loaded 2 times (x 71B)
Class org.jetbrains.kotlin.descriptors.Visibilities$Private                           : loaded 2 times (x 79B)
Class kotlin.LazyKt__LazyJVMKt                                                        : loaded 2 times (x 71B)
Class org.jetbrains.kotlin.config.ExplicitApiMode                                     : loaded 2 times (x 79B)
Class org.jetbrains.kotlin.metadata.ProtoBuf$VersionRequirement$VersionKind$1         : loaded 2 times (x 74B)
Class org.jetbrains.kotlin.metadata.ProtoBuf$Annotation$1                             : loaded 2 times (x 144B)
Class org.jetbrains.kotlin.protobuf.AbstractParser                                    : loaded 2 times (x 144B)
Class kotlin.io.FilesKt__FileReadWriteKt                                              : loaded 2 times (x 71B)
Class kotlin.text.StringsKt__StringNumberConversionsKt                                : loaded 2 times (x 71B)
Class org.jetbrains.kotlin.cli.common.CompilerSystemProperties$value$1                : loaded 2 times (x 125B)
Class [Lorg.jetbrains.kotlin.config.LanguageVersion;                                  : loaded 2 times (x 69B)
Class jdk.internal.jimage.decompressor.Decompressor                                   : loaded 2 times (x 72B)
Class jdk.internal.jimage.ImageReader$Resource                                        : loaded 2 times (x 84B)
Class org.gradle.internal.service.ServiceLookupException                              : loaded 2 times (x 82B)
Class org.jetbrains.kotlin.metadata.ProtoBuf$Expression$ConstantValue                 : loaded 2 times (x 82B)
Class [Lorg.jetbrains.kotlin.protobuf.Internal$EnumLite;                              : loaded 2 times (x 69B)
Class jdk.internal.jrtfs.JrtFileAttributes                                            : loaded 2 times (x 83B)
Class org.gradle.internal.classloader.ClassLoaderFactory                              : loaded 2 times (x 70B)
Class org.jetbrains.org.objectweb.asm.tree.ParameterNode                              : loaded 2 times (x 73B)
Class org.gradle.internal.service.CachingServiceLocator                               : loaded 2 times (x 82B)
Class org.jetbrains.kotlin.descriptors.Visibilities$Public                            : loaded 2 times (x 79B)
Class kotlin.jvm.internal.CallableReference                                           : loaded 2 times (x 106B)
Class org.jetbrains.kotlin.protobuf.ExtensionRegistryLite$ObjectIntPair               : loaded 2 times (x 72B)
Class org.jetbrains.kotlin.metadata.ProtoBuf$Class$1                                  : loaded 2 times (x 144B)
Class org.jetbrains.kotlin.load.kotlin.header.ReadKotlinClassHeaderAnnotationVisitor$KotlinMetadataArgumentVisitor$1: loaded 2 times (x 85B)
Class org.jetbrains.kotlin.metadata.ProtoBuf$VersionRequirement$1                     : loaded 2 times (x 144B)
Class org.jetbrains.kotlin.metadata.jvm.JvmProtoBuf$StringTableTypes$Record$1         : loaded 2 times (x 144B)
Class org.jetbrains.kotlin.load.kotlin.header.ReadKotlinClassHeaderAnnotationVisitor$KotlinMetadataArgumentVisitor$2: loaded 2 times (x 85B)
Class org.jetbrains.org.objectweb.asm.tree.AnnotationNode                             : loaded 2 times (x 79B)
Class org.jetbrains.kotlin.build.report.metrics.BuildTime                             : loaded 2 times (x 70B)
Class org.jetbrains.kotlin.config.LanguageFeature$Companion                           : loaded 2 times (x 71B)
Class org.jetbrains.kotlin.descriptors.CallableMemberDescriptor$Kind                  : loaded 2 times (x 79B)
Class org.jetbrains.kotlin.metadata.ProtoBuf$TypeParameterOrBuilder                   : loaded 2 times (x 70B)
Class org.jetbrains.kotlin.metadata.ProtoBuf$Property                                 : loaded 2 times (x 148B)
Class org.jetbrains.org.objectweb.asm.Type                                            : loaded 2 times (x 72B)
Class org.jetbrains.kotlin.metadata.ProtoBuf$TypeParameter$Variance$1                 : loaded 2 times (x 74B)
Class kotlin.enums.EnumEntries                                                        : loaded 2 times (x 70B)
Class org.jetbrains.kotlin.build.report.metrics.DoNothingBuildMetricsReporter         : loaded 2 times (x 86B)
Class org.jetbrains.kotlin.cli.common.arguments.CommonCompilerArguments$Companion     : loaded 2 times (x 71B)
Class org.jetbrains.kotlin.metadata.jvm.deserialization.UtfEncodingKt                 : loaded 2 times (x 71B)
Class org.jetbrains.kotlin.metadata.jvm.JvmProtoBuf$JvmFieldSignature$1               : loaded 2 times (x 144B)
Class org.jetbrains.kotlin.metadata.ProtoBuf$TypeTable                                : loaded 2 times (x 109B)
Class org.jetbrains.kotlin.metadata.jvm.JvmProtoBuf$JvmMethodSignature                : loaded 2 times (x 108B)
Class org.jetbrains.kotlin.protobuf.MessageLiteOrBuilder                              : loaded 2 times (x 70B)
Class org.jetbrains.kotlin.load.kotlin.header.ReadKotlinClassHeaderAnnotationVisitor$KotlinMetadataArgumentVisitor: loaded 2 times (x 86B)
Class org.jetbrains.org.objectweb.asm.TypePath                                        : loaded 2 times (x 72B)
Class org.jetbrains.kotlin.metadata.jvm.JvmProtoBuf$StringTableTypes$Record$Operation$1: loaded 2 times (x 74B)
Class [Lorg.jetbrains.kotlin.cli.common.CompilerSystemProperties;                     : loaded 2 times (x 69B)
Class org.jetbrains.kotlin.metadata.ProtoBuf$AnnotationOrBuilder                      : loaded 2 times (x 70B)
Class org.jetbrains.kotlin.protobuf.WireFormat$FieldType                              : loaded 2 times (x 83B)
Class org.jetbrains.kotlin.load.kotlin.FileBasedKotlinClass                           : loaded 2 times (x 88B)
Class jdk.internal.jimage.ImageBufferCache                                            : loaded 2 times (x 71B)
Class jdk.internal.jrtfs.JrtPath                                                      : loaded 2 times (x 118B)
Class org.gradle.internal.classloader.ClasspathUtil                                   : loaded 2 times (x 71B)
Class org.jetbrains.kotlin.metadata.ProtoBuf$TypeAlias                                : loaded 2 times (x 137B)
Class [Lorg.jetbrains.kotlin.metadata.ProtoBuf$TypeParameter$Variance;                : loaded 2 times (x 69B)
Class org.jetbrains.kotlin.metadata.ProtoBuf$Constructor                              : loaded 2 times (x 124B)
Class org.jetbrains.kotlin.metadata.jvm.deserialization.JvmMemberSignature            : loaded 2 times (x 74B)
Class org.jetbrains.kotlin.load.kotlin.header.KotlinClassHeader$Kind                  : loaded 2 times (x 79B)
Class org.jetbrains.kotlin.load.kotlin.KotlinJvmBinaryClass$AnnotationArgumentVisitor : loaded 2 times (x 70B)
Class kotlin.io.FileSystemException                                                   : loaded 2 times (x 82B)
Class org.jetbrains.kotlin.resolve.scopes.receivers.ReceiverValue                     : loaded 2 times (x 70B)
Class org.jetbrains.kotlin.metadata.jvm.JvmProtoBuf$JvmMethodSignature$Builder        : loaded 2 times (x 134B)
Class org.jetbrains.kotlin.metadata.ProtoBuf$VersionRequirementTableOrBuilder         : loaded 2 times (x 70B)
Class org.jetbrains.kotlin.metadata.jvm.JvmProtoBuf$JvmFieldSignatureOrBuilder        : loaded 2 times (x 70B)
Class kotlin.jvm.internal.DefaultConstructorMarker                                    : loaded 2 times (x 71B)
Class org.jetbrains.org.objectweb.asm.ModuleVisitor                                   : loaded 2 times (x 80B)
Class org.gradle.api.specs.Spec                                                       : loaded 2 times (x 70B)
Class org.jetbrains.kotlin.descriptors.DelegatedDescriptorVisibility                  : loaded 2 times (x 79B)
Class org.jetbrains.kotlin.serialization.deserialization.ProtoEnumFlagsUtilsKt$WhenMappings: loaded 2 times (x 71B)
Class org.jetbrains.kotlin.load.kotlin.header.KotlinClassHeader                       : loaded 2 times (x 72B)
Class org.jetbrains.kotlin.metadata.ProtoBuf$Annotation$Argument$Value$Type           : loaded 2 times (x 82B)
Class jdk.internal.jimage.ImageReader$SharedImageReader$LocationVisitor               : loaded 2 times (x 70B)
Class org.jetbrains.kotlin.metadata.deserialization.Flags                             : loaded 2 times (x 71B)
Class org.jetbrains.kotlin.metadata.ProtoBuf$TypeTable$1                              : loaded 2 times (x 144B)
Class org.jetbrains.org.objectweb.asm.Symbol                                          : loaded 2 times (x 73B)
Class kotlin.collections.EmptyIterator                                                : loaded 2 times (x 89B)
Class org.jetbrains.kotlin.metadata.ProtoBuf$Function                                 : loaded 2 times (x 149B)
Class kotlin.SynchronizedLazyImpl                                                     : loaded 2 times (x 76B)
Class kotlin.text.StringsKt__RegexExtensionsKt                                        : loaded 2 times (x 71B)
Class Build_gradle$1                                                                  : loaded 2 times (x 78B)
Class jdk.internal.jimage.decompressor.ResourceDecompressorRepository                 : loaded 2 times (x 71B)
Class org.jetbrains.kotlin.metadata.ProtoBuf$Effect$InvocationKind                    : loaded 2 times (x 82B)
Class org.jetbrains.kotlin.metadata.ProtoBuf$VersionRequirementTable                  : loaded 2 times (x 107B)
Class org.jetbrains.kotlin.protobuf.LazyField                                         : loaded 2 times (x 83B)
Class org.jetbrains.kotlin.load.kotlin.header.ReadKotlinClassHeaderAnnotationVisitor  : loaded 2 times (x 80B)
Class kotlin.sequences.SequencesKt__SequencesJVMKt                                    : loaded 2 times (x 71B)
Class kotlin.collections.AbstractList                                                 : loaded 2 times (x 197B)
Class kotlin.collections.AbstractCollection                                           : loaded 2 times (x 117B)
Class jdk.internal.jimage.ImageReader$Directory                                       : loaded 2 times (x 84B)
Class org.jetbrains.kotlin.metadata.ProtoBuf$Expression$ConstantValue$1               : loaded 2 times (x 74B)
Class org.jetbrains.kotlin.descriptors.DescriptorVisibilities$10                      : loaded 2 times (x 76B)
Class kotlin.collections.ArrayAsCollection                                            : loaded 2 times (x 105B)
Class org.jetbrains.kotlin.metadata.ProtoBuf$TypeParameter$1                          : loaded 2 times (x 144B)
Class org.jetbrains.kotlin.utils.StringsKt                                            : loaded 2 times (x 71B)
Class org.jetbrains.org.objectweb.asm.tree.LineNumberNode                             : loaded 2 times (x 79B)
Class kotlin.LazyKt__LazyKt                                                           : loaded 2 times (x 71B)
Class kotlin.text.StringsKt__StringBuilderJVMKt                                       : loaded 2 times (x 71B)
Class org.jetbrains.kotlin.descriptors.DescriptorVisibilities$11                      : loaded 2 times (x 76B)
Class org.jetbrains.kotlin.metadata.deserialization.BinaryVersion$Companion           : loaded 2 times (x 71B)
Class kotlin.UNINITIALIZED_VALUE                                                      : loaded 2 times (x 71B)
Class [Lorg.jetbrains.kotlin.config.JVMAssertionsMode;                                : loaded 2 times (x 69B)
Class org.jetbrains.kotlin.config.JVMAssertionsMode                                   : loaded 2 times (x 79B)
Class org.gradle.internal.classloader.VisitableURLClassLoader$InstrumentingVisitableURLClassLoader: loaded 2 times (x 123B)
Class org.jetbrains.kotlin.descriptors.DescriptorVisibilities$12                      : loaded 2 times (x 76B)
Class org.jetbrains.kotlin.metadata.ProtoBuf$ClassOrBuilder                           : loaded 2 times (x 70B)
Class org.jetbrains.kotlin.metadata.ProtoBuf$ValueParameter                           : loaded 2 times (x 128B)
Class kotlin.comparisons.ComparisonsKt__ComparisonsKt                                 : loaded 2 times (x 71B)
Class kotlin.ranges.RangesKt__RangesKt                                                : loaded 2 times (x 71B)
Class kotlin.collections.SetsKt___SetsKt                                              : loaded 2 times (x 71B)
Class kotlin.sequences.SequencesKt__SequencesKt                                       : loaded 2 times (x 71B)
Class org.gradle.internal.classloader.VisitableURLClassLoader$Spec                    : loaded 2 times (x 74B)
Class org.gradle.internal.classpath.DefaultClassPath                                  : loaded 2 times (x 90B)
Class org.jetbrains.kotlin.metadata.ProtoBuf$TypeAlias$1                              : loaded 2 times (x 144B)
Class org.jetbrains.kotlin.metadata.ProtoBuf$Annotation$Argument$ValueOrBuilder       : loaded 2 times (x 70B)
Class org.jetbrains.org.objectweb.asm.Handler                                         : loaded 2 times (x 72B)
Class kotlin.comparisons.ComparisonsKt                                                : loaded 2 times (x 71B)
Class kotlin.comparisons.ComparisonsKt___ComparisonsKt                                : loaded 2 times (x 71B)
Class kotlin.sequences.FilteringSequence                                              : loaded 2 times (x 75B)
Class [Lorg.jetbrains.kotlin.build.report.metrics.GradleBuildTime;                    : loaded 2 times (x 69B)
Class jdk.internal.jimage.decompressor.ZipDecompressorFactory                         : loaded 2 times (x 74B)
Class org.jetbrains.kotlin.metadata.ProtoBuf$Effect$1                                 : loaded 2 times (x 144B)
Class org.jetbrains.kotlin.metadata.ProtoBuf$Visibility                               : loaded 2 times (x 82B)
Class org.jetbrains.kotlin.metadata.ProtoBuf$ConstructorOrBuilder                     : loaded 2 times (x 70B)
Class org.jetbrains.kotlin.metadata.jvm.JvmProtoBuf                                   : loaded 2 times (x 71B)
Class org.jetbrains.kotlin.config.ApiVersion$Companion                                : loaded 2 times (x 71B)
Class org.gradle.internal.classloader.ClassLoaderSpec                                 : loaded 2 times (x 71B)
Class org.jetbrains.kotlin.descriptors.DeclarationDescriptorWithVisibility            : loaded 2 times (x 70B)
Class org.jetbrains.kotlin.protobuf.SmallSortedMap                                    : loaded 2 times (x 130B)
Class org.jetbrains.org.objectweb.asm.tree.AbstractInsnNode                           : loaded 2 times (x 78B)
Class kotlin.collections.CollectionsKt___CollectionsJvmKt                             : loaded 2 times (x 71B)
Class kotlin.TuplesKt                                                                 : loaded 2 times (x 71B)
Class kotlin.Unit                                                                     : loaded 2 times (x 71B)
Class org.jetbrains.kotlin.protobuf.SmallSortedMap$EmptySet                           : loaded 2 times (x 71B)
Class org.jetbrains.kotlin.protobuf.MessageLite                                       : loaded 2 times (x 70B)
Class org.jetbrains.kotlin.load.kotlin.header.KotlinClassHeader$Kind$Companion        : loaded 2 times (x 71B)
Class kotlin.sequences.SequencesKt___SequencesJvmKt                                   : loaded 2 times (x 71B)
Class org.jetbrains.kotlin.config.MavenComparableVersion$ListItem                     : loaded 2 times (x 218B)
Class Settings_gradle$1$1                                                             : loaded 2 times (x 74B)
Class org.jetbrains.kotlin.cli.common.ModuleVisibilityHelperImpl                      : loaded 2 times (x 74B)
Class kotlin.ranges.RangesKt                                                          : loaded 2 times (x 71B)
Class [Lorg.jetbrains.kotlin.utils.DescriptionAware;                                  : loaded 2 times (x 69B)
Class org.gradle.internal.classloader.VisitableURLClassLoader                         : loaded 2 times (x 117B)
Class kotlin.collections.ArraysUtilJVM                                                : loaded 2 times (x 71B)
Class kotlin.jvm.functions.Function0                                                  : loaded 2 times (x 70B)
Class org.jetbrains.kotlin.utils.SmartList                                            : loaded 2 times (x 201B)
Class Settings_gradle                                                                 : loaded 2 times (x 128B)
Class org.gradle.internal.Cast                                                        : loaded 2 times (x 71B)
Class org.gradle.api.Action                                                           : loaded 2 times (x 70B)
Class [Lorg.jetbrains.kotlin.metadata.ProtoBuf$VersionRequirement$VersionKind;        : loaded 2 times (x 69B)
Class org.jetbrains.kotlin.protobuf.CodedOutputStream                                 : loaded 2 times (x 72B)
Class org.jetbrains.kotlin.metadata.ProtoBuf$Annotation                               : loaded 2 times (x 109B)
Class org.jetbrains.org.objectweb.asm.tree.TypeInsnNode                               : loaded 2 times (x 78B)
Class kotlin.jvm.functions.Function1                                                  : loaded 2 times (x 70B)
Class jdk.internal.jimage.decompressor.ZipDecompressor                                : loaded 2 times (x 75B)
Class [Lorg.jetbrains.kotlin.metadata.jvm.JvmProtoBuf$StringTableTypes$Record$Operation;: loaded 2 times (x 69B)
Class [Lorg.jetbrains.kotlin.load.kotlin.header.KotlinClassHeader$Kind;               : loaded 2 times (x 69B)
Class kotlin.jvm.functions.Function2                                                  : loaded 2 times (x 70B)
Class org.gradle.internal.classpath.DefaultClassPath$ImmutableUniqueList$Builder      : loaded 2 times (x 75B)
Class org.jetbrains.kotlin.serialization.deserialization.ProtoEnumFlags               : loaded 2 times (x 71B)
Class org.jetbrains.kotlin.protobuf.Internal$EnumLite                                 : loaded 2 times (x 70B)
Class kotlin.jvm.functions.Function3                                                  : loaded 2 times (x 70B)
Class kotlin.collections.MapsKt___MapsJvmKt                                           : loaded 2 times (x 71B)
Class org.jetbrains.kotlin.protobuf.RopeByteString                                    : loaded 2 times (x 110B)
Class kotlin.collections.EmptySet                                                     : loaded 2 times (x 122B)
Class org.jetbrains.kotlin.metadata.jvm.deserialization.JvmNameResolverBase           : loaded 2 times (x 80B)
Class org.jetbrains.org.objectweb.asm.tree.IincInsnNode                               : loaded 2 times (x 78B)
Class org.jetbrains.org.objectweb.asm.tree.MultiANewArrayInsnNode                     : loaded 2 times (x 79B)
Class kotlin.collections.CollectionsKt___CollectionsKt                                : loaded 2 times (x 71B)
Class org.jetbrains.kotlin.config.LanguageVersion                                     : loaded 2 times (x 91B)
Class org.jetbrains.kotlin.cli.common.arguments.K2JVMCompilerArguments                : loaded 2 times (x 81B)
Class org.gradle.api.GradleException                                                  : loaded 2 times (x 82B)
Class kotlin.reflect.KDeclarationContainer                                            : loaded 2 times (x 70B)
Class org.jetbrains.org.objectweb.asm.SymbolTable$Entry                               : loaded 2 times (x 74B)
Class org.jetbrains.org.objectweb.asm.tree.LocalVariableAnnotationNode                : loaded 2 times (x 81B)
Class org.jetbrains.kotlin.metadata.deserialization.BinaryVersion                     : loaded 2 times (x 74B)
Class kotlin.text.StringsKt___StringsJvmKt                                            : loaded 2 times (x 71B)
Class jdk.internal.jimage.ImageStrings                                                : loaded 2 times (x 70B)
Class org.jetbrains.kotlin.metadata.ProtoBuf$EnumEntry$1                              : loaded 2 times (x 144B)
Class org.jetbrains.kotlin.metadata.ProtoBuf$Type$Argument$Projection                 : loaded 2 times (x 82B)
Class org.jetbrains.org.objectweb.asm.tree.InvokeDynamicInsnNode                      : loaded 2 times (x 78B)
Class kotlin.collections.MapsKt___MapsKt                                              : loaded 2 times (x 71B)
Class kotlin.io.FilesKt                                                               : loaded 2 times (x 71B)
Class kotlin.collections.ArraysKt___ArraysKt                                          : loaded 2 times (x 71B)
Class org.jetbrains.kotlin.metadata.jvm.JvmProtoBuf$JvmPropertySignature$Builder      : loaded 2 times (x 141B)
Class [Lorg.jetbrains.org.objectweb.asm.Symbol;                                       : loaded 2 times (x 69B)
Class kotlin.collections.MapsKt__MapWithDefaultKt                                     : loaded 2 times (x 71B)
Class org.jetbrains.kotlin.cli.common.arguments.CommonCompilerArguments               : loaded 2 times (x 80B)
Class org.jetbrains.kotlin.metadata.ProtoBuf$VersionRequirementTable$1                : loaded 2 times (x 144B)
Class org.jetbrains.kotlin.metadata.ProtoBuf$Contract                                 : loaded 2 times (x 107B)
Class kotlin.collections.CollectionsKt__MutableCollectionsJVMKt                       : loaded 2 times (x 71B)
Class kotlin.enums.EnumEntriesKt                                                      : loaded 2 times (x 71B)
Class kotlin.text.StringsKt___StringsKt                                               : loaded 2 times (x 71B)
Class org.gradle.internal.IoActions                                                   : loaded 2 times (x 71B)
Class org.jetbrains.kotlin.metadata.jvm.deserialization.JvmNameResolverBase$WhenMappings: loaded 2 times (x 71B)
Class org.jetbrains.kotlin.descriptors.Visibilities$Local                             : loaded 2 times (x 79B)
Class org.jetbrains.kotlin.protobuf.WireFormat                                        : loaded 2 times (x 71B)
Class org.jetbrains.kotlin.metadata.jvm.deserialization.BitEncoding                   : loaded 2 times (x 71B)
Class org.jetbrains.org.objectweb.asm.Attribute                                       : loaded 2 times (x 75B)
Class org.jetbrains.org.objectweb.asm.Label                                           : loaded 2 times (x 72B)
Class org.gradle.internal.classloader.SystemClassLoaderSpec                           : loaded 2 times (x 71B)
Class [Lorg.jetbrains.kotlin.metadata.ProtoBuf$Effect$EffectType;                     : loaded 2 times (x 69B)
Class kotlin.reflect.KAnnotatedElement                                                : loaded 2 times (x 70B)
Class org.jetbrains.org.objectweb.asm.Frame                                           : loaded 2 times (x 73B)
Class kotlin.jvm.internal.Intrinsics                                                  : loaded 2 times (x 71B)
Class org.jetbrains.kotlin.metadata.ProtoBuf$Type$Argument                            : loaded 2 times (x 110B)
Class org.jetbrains.kotlin.load.kotlin.FileBasedKotlinClass$InnerClassesInfo          : loaded 2 times (x 74B)
Class kotlin.collections.MapsKt                                                       : loaded 2 times (x 71B)
Class kotlin.collections.CollectionsKt__IterablesKt                                   : loaded 2 times (x 71B)
Class jdk.internal.jrtfs.JrtFileSystem                                                : loaded 2 times (x 102B)
Class org.jetbrains.kotlin.resolve.scopes.receivers.Receiver                          : loaded 2 times (x 70B)
Class org.jetbrains.kotlin.metadata.ProtoBuf$Modality$1                               : loaded 2 times (x 74B)
Class org.jetbrains.org.objectweb.asm.tree.TypeAnnotationNode                         : loaded 2 times (x 80B)
Class kotlin.KotlinNullPointerException                                               : loaded 2 times (x 83B)
Class org.jetbrains.kotlin.cli.common.CompilerSystemProperties$Companion              : loaded 2 times (x 71B)
Class jdk.internal.jimage.decompressor.CompressedResourceHeader                       : loaded 2 times (x 71B)
Class org.jetbrains.kotlin.metadata.jvm.JvmProtoBuf$1                                 : loaded 2 times (x 71B)
Class org.jetbrains.kotlin.metadata.ProtoBuf$VersionRequirement                       : loaded 2 times (x 116B)
Class kotlin.ranges.RangesKt___RangesKt                                               : loaded 2 times (x 71B)
Class [Lorg.jetbrains.kotlin.config.ExplicitApiMode;                                  : loaded 2 times (x 69B)
Class org.jetbrains.org.objectweb.asm.Opcodes                                         : loaded 2 times (x 70B)
Class org.jetbrains.kotlin.descriptors.annotations.Annotated                          : loaded 2 times (x 70B)
Class [Lorg.jetbrains.org.objectweb.asm.AnnotationVisitor;                            : loaded 2 times (x 69B)
Class org.jetbrains.kotlin.descriptors.SourceElement$1                                : loaded 2 times (x 74B)
Class kotlin.collections.ArraysKt                                                     : loaded 2 times (x 71B)
Class org.jetbrains.kotlin.cli.common.arguments.CommonToolArguments                   : loaded 2 times (x 73B)
Class org.jetbrains.kotlin.metadata.ProtoBuf$Expression$1                             : loaded 2 times (x 144B)
Class org.jetbrains.kotlin.descriptors.DescriptorVisibility                           : loaded 2 times (x 78B)
Class kotlin.collections.SetsKt__SetsKt                                               : loaded 2 times (x 71B)
Class kotlin.LazyKt                                                                   : loaded 2 times (x 71B)
Class org.jetbrains.kotlin.metadata.ProtoBuf$ExpressionOrBuilder                      : loaded 2 times (x 70B)
Class [Lorg.jetbrains.kotlin.metadata.ProtoBuf$Type$Argument$Projection;              : loaded 2 times (x 69B)
Class org.jetbrains.org.objectweb.asm.RecordComponentWriter                           : loaded 2 times (x 78B)
Class kotlin.collections.ArraysKt__ArraysJVMKt                                        : loaded 2 times (x 71B)
Class org.jetbrains.kotlin.cli.common.messages.MessageCollector$Companion$NONE$1      : loaded 2 times (x 76B)
Class org.jetbrains.kotlin.config.MavenComparableVersion$Item                         : loaded 2 times (x 70B)
Class org.jetbrains.kotlin.metadata.ProtoBuf$EnumEntryOrBuilder                       : loaded 2 times (x 70B)
Class org.jetbrains.kotlin.descriptors.ValidateableDescriptor                         : loaded 2 times (x 70B)
Class kotlin.jvm.internal.CallableReference$NoReceiver                                : loaded 2 times (x 71B)
Class org.jetbrains.kotlin.metadata.jvm.JvmProtoBuf$JvmPropertySignature$1            : loaded 2 times (x 144B)
Class org.jetbrains.org.objectweb.asm.MethodWriter                                    : loaded 2 times (x 105B)
Class org.jetbrains.kotlin.metadata.jvm.deserialization.JvmMetadataVersion$Companion  : loaded 2 times (x 71B)
Class kotlin.text.StringsKt__StringBuilderKt                                          : loaded 2 times (x 71B)
Class org.gradle.api.internal.classpath.GlobalCacheRootsProvider                      : loaded 2 times (x 70B)
Class kotlin.Lazy                                                                     : loaded 2 times (x 70B)
Class kotlin.NoWhenBranchMatchedException                                             : loaded 2 times (x 82B)
Class [Lorg.jetbrains.kotlin.metadata.ProtoBuf$Expression$ConstantValue;              : loaded 2 times (x 69B)
Class org.jetbrains.kotlin.metadata.ProtoBuf$Effect                                   : loaded 2 times (x 113B)
Class [Lkotlin.jvm.functions.Function1;                                               : loaded 2 times (x 69B)
Class org.jetbrains.org.objectweb.asm.tree.InsnNode                                   : loaded 2 times (x 78B)
Class org.jetbrains.org.objectweb.asm.RecordComponentVisitor                          : loaded 2 times (x 77B)
Class org.jetbrains.kotlin.descriptors.Visibility                                     : loaded 2 times (x 79B)
Class org.jetbrains.kotlin.protobuf.RopeByteString$RopeInputStream                    : loaded 2 times (x 92B)
Class org.jetbrains.kotlin.protobuf.CodedInputStream                                  : loaded 2 times (x 72B)
Class org.jetbrains.org.objectweb.asm.MethodTooLargeException                         : loaded 2 times (x 83B)
Class org.jetbrains.org.objectweb.asm.Context                                         : loaded 2 times (x 72B)
Class kotlin.sequences.ConstrainedOnceSequence                                        : loaded 2 times (x 75B)
Class org.jetbrains.kotlin.metadata.ProtoBuf$1                                        : loaded 2 times (x 71B)
Class org.jetbrains.kotlin.mpp.DeclarationSymbolMarker                                : loaded 2 times (x 70B)
Class org.jetbrains.kotlin.protobuf.MessageLite$Builder                               : loaded 2 times (x 70B)
Class org.jetbrains.org.objectweb.asm.CurrentFrame                                    : loaded 2 times (x 73B)
Class kotlin.jvm.internal.markers.KMappedMarker                                       : loaded 2 times (x 70B)
Class Build_gradle                                                                    : loaded 2 times (x 130B)
Class org.jetbrains.kotlin.config.JVMAssertionsMode$Companion                         : loaded 2 times (x 71B)
Class org.gradle.internal.installation.CurrentGradleInstallationLocator               : loaded 2 times (x 71B)
Class org.jetbrains.kotlin.metadata.ProtoBuf$VersionRequirement$Level$1               : loaded 2 times (x 74B)
Class org.jetbrains.kotlin.protobuf.FieldSet$1                                        : loaded 2 times (x 71B)
Class org.jetbrains.org.objectweb.asm.tree.LdcInsnNode                                : loaded 2 times (x 78B)
Class org.jetbrains.kotlin.cli.common.messages.CompilerMessageSeverity$Companion      : loaded 2 times (x 71B)
Class org.gradle.internal.service.DefaultServiceLocator                               : loaded 2 times (x 83B)
Class org.jetbrains.kotlin.metadata.ProtoBuf$Class$Kind$1                             : loaded 2 times (x 74B)
Class org.jetbrains.kotlin.protobuf.SmallSortedMap$Entry                              : loaded 2 times (x 88B)
Class org.jetbrains.kotlin.metadata.ProtoBuf$Package$1                                : loaded 2 times (x 144B)
Class org.jetbrains.org.objectweb.asm.SymbolTable                                     : loaded 2 times (x 72B)
Class org.jetbrains.org.objectweb.asm.tree.UnsupportedClassVersionException           : loaded 2 times (x 82B)
Class org.jetbrains.kotlin.util.capitalizeDecapitalize.CapitalizeDecapitalizeKt       : loaded 2 times (x 71B)
Class jdk.internal.jrtfs.JrtDirectoryStream                                           : loaded 2 times (x 89B)
Class org.gradle.internal.installation.CurrentGradleInstallation                      : loaded 2 times (x 73B)
Class org.jetbrains.kotlin.metadata.ProtoBuf$Annotation$ArgumentOrBuilder             : loaded 2 times (x 70B)
Class org.jetbrains.kotlin.protobuf.FieldSet$FieldDescriptorLite                      : loaded 2 times (x 70B)
Class org.jetbrains.kotlin.protobuf.AbstractMessageLite                               : loaded 2 times (x 98B)
Class org.jetbrains.org.objectweb.asm.ModuleWriter                                    : loaded 2 times (x 81B)
Class org.gradle.util.internal.GUtil                                                  : loaded 2 times (x 71B)
Class org.jetbrains.kotlin.metadata.jvm.JvmProtoBuf$StringTableTypes$Record           : loaded 2 times (x 119B)
Class org.jetbrains.kotlin.protobuf.FieldSet                                          : loaded 2 times (x 72B)
Class [Lorg.jetbrains.org.objectweb.asm.Label;                                        : loaded 2 times (x 69B)
Class kotlin.io.NoSuchFileException                                                   : loaded 2 times (x 82B)
Class kotlin.collections.CollectionsKt                                                : loaded 2 times (x 71B)
Class org.jetbrains.kotlin.metadata.ProtoBuf$Annotation$Argument$Value$Type$1         : loaded 2 times (x 74B)
Class [Lorg.jetbrains.kotlin.metadata.ProtoBuf$MemberKind;                            : loaded 2 times (x 69B)
Class org.jetbrains.kotlin.metadata.ProtoBuf$Package                                  : loaded 2 times (x 129B)
Class org.jetbrains.kotlin.metadata.ProtoBuf$TypeTableOrBuilder                       : loaded 2 times (x 70B)
Class org.jetbrains.kotlin.metadata.ProtoBuf$TypeOrBuilder                            : loaded 2 times (x 70B)
Class org.gradle.internal.installation.GradleInstallation                             : loaded 2 times (x 75B)
Class org.jetbrains.kotlin.metadata.deserialization.ProtoTypeTableUtilKt              : loaded 2 times (x 71B)
Class [Lorg.jetbrains.kotlin.descriptors.DescriptorVisibility;                        : loaded 2 times (x 69B)
Class org.jetbrains.kotlin.config.LanguageFeature$State                               : loaded 2 times (x 82B)
Class jdk.internal.jimage.decompressor.ResourceDecompressor$StringsProvider           : loaded 2 times (x 70B)
Class org.jetbrains.kotlin.metadata.ProtoBuf$Annotation$Builder                       : loaded 2 times (x 136B)
Class kotlin.jvm.KotlinReflectionNotSupportedError                                    : loaded 2 times (x 82B)
Class org.jetbrains.kotlin.metadata.jvm.JvmProtoBuf$StringTableTypes$Record$Operation : loaded 2 times (x 82B)

---------------  S Y S T E M  ---------------

OS:
 Windows 11 , 64 bit Build 22621 (10.0.22621.5415)
OS uptime: 6 days 8:38 hours

CPU: total 2 (initial active 2) (2 cores per cpu, 1 threads per core) family 6 model 122 stepping 8 microcode 0x18, cx8, cmov, fxsr, mmx, 3dnowpref, sse, sse2, sse3, ssse3, sse4.1, sse4.2, popcnt, tsc, tscinvbit, aes, erms, clmul, sha, clflush, clflushopt, rdtscp, rdpid
Processor Information for the first 2 processors :
  Max Mhz: 1101, Current Mhz: 1101, Mhz Limit: 1101

Memory: 4k page, system-wide physical 7998M (307M free)
TotalPageFile size 15682M (AvailPageFile size 407M)
current process WorkingSet (physical memory assigned to process): 704M, peak: 1169M
current process commit charge ("private bytes"): 1433M, peak: 2378M

vm_info: OpenJDK 64-Bit Server VM (21.0.10+-14961533-b1163.108) for windows-amd64 JRE (21.0.10+-14961533-b1163.108), built on 2026-03-02T19:58:50Z by "builder" with MS VC++ 16.10 / 16.11 (VS2019)

END.
